rep,R,generation,r_rate
16,0.1,112500,1.6460917005178187e-07
16,0.1,80000,1.626014632324489e-06
28,10.0,110000,2.4107089768941925e-05
17,10.0,92500,1.899825465044726e-05
17,1.0,90000,1.374573346197834e-06
15,10.0,90000,1.8626324748532408e-05
18,1.0,115000,1.6759744752623231e-06
22,0.1,107500,1.1961708031246077e-07
13,1.0,105000,1.9073567611315856e-06
20,10.0,112500,1.949459623747352e-05
19,10.0,97500,1.9713267825327924e-05
30,0.1,122500,9.233608736521707e-08
20,1.0,110000,1.7543853127442558e-06
22,0.1,135000,1.824820306356987e-07
13,10.0,140000,1.5089954503805963e-05
19,10.0,107500,2.051283812010189e-05
17,1.0,107500,1.6025559660351824e-06
18,0.1,130000,1.7528430481932921e-07
23,1.0,137500,1.8675582432460541e-06
1,10.0,102500,1.984124245966909e-05
15,1.0,122500,1.161291659103858e-06
6,1.0,137500,1.4792901562476833e-06
10,0.1,110000,1.4044889757403805e-07
10,10.0,112500,1.8055555980535217e-05
22,1.0,95000,1.7241455647648886e-06
29,0.1,87500,1.2690360095569858e-07
25,0.1,110000,8.15314757009902e-21
26,1.0,127500,1.2905884094808875e-06
4,0.1,102500,1.126125983700794e-07
30,10.0,117500,2.024388092512097e-05
14,0.1,130000,1.406470964759041e-07
3,0.1,107500,2.0533894053742875e-07
27,1.0,130000,1.93452047229354e-06
23,0.1,117500,2.0833281516011086e-07
11,0.1,112500,1.1235952986204949e-07
22,1.0,107500,2.1796893158282817e-06
27,10.0,115000,2.100596394625426e-05
1,1.0,92500,9.478656718790087e-07
21,1.0,102500,1.5169221295215014e-06
8,1.0,127500,1.517240785549447e-06
1,1.0,115000,1.6949135144289974e-06
28,10.0,137500,1.7741958537803223e-05
7,10.0,85000,2.2033930410445954e-05
24,10.0,112500,2.0588218336018915e-05
10,1.0,80000,2.105262707629676e-06
16,10.0,117500,2.0000036985453e-05
17,0.1,132500,1.6000038210118286e-07
26,1.0,132500,1.1869416850108985e-06
27,10.0,107500,2.233009903149835e-05
29,0.1,95000,8.818331209419189e-08
10,1.0,95000,1.9403071024848925e-06
17,1.0,137500,1.1450365464067457e-06
12,1.0,112500,2.065400566599536e-06
9,1.0,125000,1.5132407796115927e-06
8,0.1,127500,8.221792928818536e-21
23,1.0,115000,1.7741966644529115e-06
29,0.1,107500,2.4813854156981706e-07
8,1.0,95000,1.799099184597277e-06
23,0.1,85000,1.98019457389568e-07
12,10.0,122500,2.0599262556955202e-05
14,1.0,97500,1.5873094546462891e-06
26,0.1,102500,2.1186440123422602e-07
16,10.0,137500,2.0143795420046737e-05
17,10.0,90000,1.4285713350922193e-05
2,1.0,112500,1.735019594374962e-06
24,0.1,97500,8.014593825549547e-21
18,1.0,82500,1.2500018492599323e-06
1,10.0,140000,2.608697607936128e-05
24,0.1,80000,1.6574547756058564e-06
7,10.0,115000,2.222219849971422e-05
23,0.1,122500,1.270648463663148e-07
10,1.0,110000,1.877929652124223e-06
28,10.0,122500,2.2314039409322604e-05
28,1.0,137500,1.948046219662353e-06
2,1.0,125000,2.5597311332407954e-06
17,10.0,117500,2.083334105148323e-05
14,0.1,120000,2.386635267525831e-07
19,0.1,85000,7.754816304881261e-21
14,0.1,122500,2.123143498632102e-07
10,1.0,115000,1.467890378053246e-06
16,1.0,115000,1.608574638991046e-06
19,0.1,135000,1.5337423357095262e-07
29,1.0,105000,1.615604030296168e-06
16,1.0,107500,1.6583744999174328e-06
26,10.0,82500,2.052782839909811e-05
5,10.0,105000,2.1067415306074853e-05
13,0.1,105000,1.0330547243907717e-07
8,0.1,117500,1.806142526142506e-07
22,0.1,122500,2.652521946227628e-07
19,0.1,80000,1.3651900626579051e-06
23,10.0,102500,2.5806536146966135e-05
18,0.1,117500,8.403353342185085e-08
24,10.0,117500,1.9354831666699346e-05
11,1.0,130000,1.8181798877093287e-06
20,0.1,102500,6.545129315281593e-22
6,0.1,107500,2.008030007512117e-07
8,1.0,110000,1.8666624491191323e-06
23,0.1,140000,1.8587368811763392e-07
6,10.0,87500,2.3961642813570558e-05
12,0.1,82500,3.636369060840484e-07
13,10.0,112500,2.0354011150350593e-05
20,1.0,132500,2.040813181976074e-06
21,1.0,110000,1.7441869381175714e-06
4,1.0,100000,1.2322302752033051e-06
30,10.0,80000,1.3605474830719895e-06
23,1.0,100000,1.3586941219207428e-06
21,0.1,97500,1.0548523146926447e-07
16,0.1,132500,1.3106161844754725e-07
3,10.0,102500,2.305295896089608e-05
4,1.0,90000,2.1260195234779924e-06
18,1.0,140000,1.538466103871072e-06
28,10.0,117500,2.026435036313213e-05
8,0.1,80000,1.6129074690545228e-06
30,0.1,115000,1.0660965429348474e-07
8,0.1,110000,1.1834272459144235e-07
24,0.1,115000,1.248438131543966e-07
21,10.0,112500,1.5748041930986416e-05
8,10.0,120000,1.7901240730069054e-05
3,1.0,92500,1.2546075463734326e-06
21,1.0,132500,1.504429562980558e-06
29,10.0,105000,2.0814434965269746e-05
25,10.0,117500,2.1854341994394123e-05
23,10.0,97500,1.879697976035033e-05
15,1.0,100000,1.0582021543957775e-06
13,10.0,97500,2.5000001968490933e-05
16,0.1,90000,2.0263459960990085e-07
22,10.0,122500,1.6949197674733244e-05
19,10.0,90000,2.083333628795636e-05
7,1.0,82500,1.9704409208765254e-06
19,0.1,102500,7.53578686967312e-08
3,1.0,132500,1.8248185663475525e-06
10,1.0,135000,1.4884978593297599e-06
14,1.0,137500,1.4869931232372023e-06
9,10.0,130000,2.07317394712723e-05
24,1.0,125000,2.294455255645329e-06
12,0.1,137500,7.633584118004209e-08
23,0.1,115000,1.6233769436272228e-07
12,10.0,97500,1.8679950564350935e-05
10,10.0,92500,2.188939488470814e-05
25,1.0,122500,1.3745716759717456e-06
17,0.1,90000,1.5220718866726553e-07
23,10.0,100000,1.4655134108873542e-05
6,1.0,80000,1.0920414994240734e-06
11,10.0,80000,1.5317279968619676e-06
28,10.0,85000,1.9544007283899986e-05
11,0.1,107500,1.4409233915878078e-07
11,0.1,125000,1.51515359377013e-07
20,1.0,137500,1.569503249977607e-06
6,10.0,82500,1.5160386320542996e-05
6,1.0,105000,1.0416675708099871e-06
8,1.0,112500,1.697536473498001e-06
12,0.1,97500,1.633981343879179e-07
29,1.0,107500,2.2788227219515338e-06
28,0.1,130000,1.2077287881378786e-07
12,10.0,90000,2.1951209195070934e-05
16,10.0,102500,2.163832984151592e-05
26,0.1,87500,1.445088136131569e-07
19,1.0,115000,1.4173223199248422e-06
28,0.1,80000,2.1413520524584956e-06
12,0.1,115000,1.424499459196839e-07
12,0.1,107500,3.558718131126763e-07
28,0.1,90000,2.5884419647877937e-07
12,1.0,140000,1.7806911658074877e-06
17,1.0,100000,1.543206070754442e-06
10,10.0,125000,1.545980700538862e-05
23,1.0,107500,1.5503907854165928e-06
3,10.0,132500,1.7374516979371764e-05
4,1.0,97500,1.19521699145301e-06
15,1.0,82500,1.6853899103550504e-06
8,0.1,92500,9.541473942722155e-19
20,10.0,82500,1.7611015569936492e-05
1,1.0,95000,1.1385175438439076e-06
2,0.1,92500,8.110316676937674e-08
23,1.0,120000,2.0408121859137843e-06
11,10.0,112500,2.3660685634509017e-05
12,1.0,82500,1.2288789358898354e-06
24,10.0,80000,1.3888880655832791e-06
25,1.0,95000,1.2898808130097677e-06
26,10.0,80000,1.3495227538211805e-06
19,0.1,117500,1.7035732846095352e-07
3,0.1,127500,1.1286701258228747e-07
9,1.0,82500,1.9035503603892944e-06
9,1.0,132500,1.6778491638265428e-06
29,0.1,132500,1.4577246603195613e-07
26,0.1,90000,7.208196669736713e-21
2,0.1,80000,1.478742110640782e-06
20,1.0,80000,1.923080612513418e-06
9,10.0,80000,1.3333319532380681e-06
24,10.0,127500,2.2020778488363325e-05
2,10.0,100000,2.2978645448848922e-05
21,0.1,102500,7.805241743436853e-21
26,1.0,135000,1.8656718278885466e-06
8,0.1,90000,1.1990335753610537e-07
6,10.0,80000,1.3157897113250396e-06
22,10.0,130000,2.2727286388245747e-05
28,0.1,127500,1.763671394829806e-07
13,10.0,137500,1.766300424312781e-05
8,0.1,82500,3.7267037256252426e-07
16,0.1,85000,1.6447350193559578e-07
14,0.1,90000,1.6013972298293017e-07
20,1.0,112500,1.4934754709281162e-06
24,1.0,107500,1.3953484652186789e-06
24,0.1,82500,3.7080116944193935e-07
10,1.0,105000,1.6501685432213446e-06
1,10.0,120000,2.0879085692081924e-05
27,0.1,105000,2.2421527307626612e-07
7,1.0,122500,1.838231236029223e-06
29,10.0,117500,1.818171514830556e-05
19,10.0,82500,1.5555563709176715e-05
20,0.1,90000,2.475245624396481e-07
1,10.0,92500,2.3913036620542264e-05
12,10.0,135000,2.031250317816749e-05
12,1.0,115000,1.2195117711173405e-06
1,10.0,82500,1.573502375148099e-05
5,0.1,115000,6.497727319263264e-08
28,1.0,87500,1.3043487278420602e-06
24,1.0,130000,1.3986033138090809e-06
5,10.0,127500,2.290637733573988e-05
12,0.1,80000,1.3774117357868964e-06
19,0.1,110000,2.1097049092346438e-07
16,1.0,100000,1.075271614336171e-06
26,10.0,125000,2.383417604929178e-05
30,10.0,112500,2.0992429783082853e-05
6,1.0,127500,1.7187532325980128e-06
16,10.0,80000,2.1390457174363197e-06
30,1.0,110000,1.4535073676361045e-06
4,10.0,130000,2.052629121452025e-05
4,1.0,80000,1.5898276434438336e-06
12,10.0,127500,2.717395656992163e-05
19,10.0,137500,1.739132710413659e-05
18,10.0,117500,1.9076966352220844e-05
30,0.1,117500,1.0416635095349577e-07
30,0.1,95000,1.706481406793724e-07
4,1.0,122500,1.685390985568844e-06
16,10.0,125000,2.1818132855399747e-05
15,0.1,112500,9.225082275727234e-08
22,0.1,92500,4.204429869123997e-21
16,10.0,105000,1.9786964918352044e-05
25,1.0,140000,1.664687842523725e-06
17,0.1,130000,9.398545940790252e-08
9,0.1,80000,9.508714969113847e-07
20,0.1,117500,1.1890582646996205e-07
14,0.1,92500,1.0515226678468133e-07
20,10.0,102500,1.8777317771810296e-05
16,10.0,100000,2.425372863777948e-05
30,1.0,120000,2.0380385266478214e-06
3,0.1,125000,8.247316214122287e-21
29,10.0,90000,1.7491763720902897e-05
26,1.0,102500,1.7647130986772982e-06
4,10.0,137500,1.818182515836897e-05
2,0.1,115000,2.125404806241713e-07
17,1.0,92500,1.5647207188236834e-06
19,1.0,110000,1.607653015449411e-06
26,0.1,100000,9.784725931477305e-08
27,10.0,82500,1.5454526481145055e-05
29,0.1,102500,7.600147733701201e-21
2,0.1,85000,1.247447762290208e-07
13,1.0,127500,1.5393918458850685e-06
24,0.1,87500,8.59106332687064e-08
13,1.0,100000,1.6616243846580157e-06
15,10.0,110000,2.2222270652247923e-05
9,1.0,100000,1.5233930062053665e-06
12,10.0,110000,1.916367686391753e-05
6,1.0,117500,1.63934492904231e-06
28,1.0,130000,1.7315994691327999e-06
25,1.0,100000,1.496557325188727e-06
20,0.1,132500,9.803936213011221e-08
6,0.1,122500,2.0618567198524026e-07
25,0.1,122500,1.7667827894480137e-07
28,10.0,135000,1.9211751738359268e-05
20,10.0,90000,1.6666696348418295e-05
12,10.0,92500,2.483658962238428e-05
10,0.1,85000,8.503377285384976e-08
30,10.0,87500,1.774197302629483e-05
22,0.1,87500,1.956946292211995e-07
5,1.0,122500,1.351352562597097e-06
3,0.1,100000,7.984855377781727e-21
6,1.0,122500,1.6910864929241611e-06
6,1.0,85000,1.4492767597670353e-06
13,10.0,92500,2.1962621551007763e-05
11,10.0,122500,2.4427471203104223e-05
24,0.1,110000,2.314813297384535e-07
9,0.1,85000,1.5408256376695558e-07
7,0.1,97500,1.3586947206887688e-07
6,10.0,132500,1.7015688511264876e-05
2,1.0,140000,1.3605462094518357e-06
5,1.0,82500,2.2624418410081715e-06
6,0.1,82500,3.179638684354489e-07
3,10.0,107500,1.5584402104833597e-05
30,10.0,100000,2.5786176742261292e-05
30,1.0,132500,1.1600926230960228e-06
14,1.0,87500,1.385039888371104e-06
29,10.0,135000,2.033898259490608e-05
26,1.0,137500,1.6826914979336249e-06
9,10.0,95000,2.451252813123852e-05
3,1.0,125000,2.234637488553391e-06
19,10.0,130000,2.1787701162402187e-05
12,1.0,80000,1.098902019231911e-06
27,1.0,90000,2.083334401321398e-06
20,10.0,120000,1.887972743368125e-05
25,10.0,132500,2.156867141049077e-05
10,0.1,92500,1.089324731655825e-07
1,0.1,140000,1.9417460148269338e-07
27,1.0,80000,1.6393431499880117e-06
20,1.0,117500,1.3944271809629573e-06
9,10.0,115000,2.0833336786666926e-05
19,0.1,95000,8.736929211485319e-21
27,1.0,102500,1.6528909740919132e-06
11,10.0,125000,2.0547944782053174e-05
17,0.1,85000,2.3980803209481415e-07
28,10.0,80000,1.3089555864130833e-06
14,10.0,82500,1.650482350020238e-05
8,0.1,132500,1.4749233818079798e-07
27,0.1,95000,2.682779577903888e-07
17,0.1,95000,4.469823194058514e-20
30,10.0,110000,2.1696232408319583e-05
2,0.1,137500,1.1600941508587416e-07
20,10.0,85000,2.0348837153319088e-05
8,0.1,105000,1.3869594206593925e-07
10,10.0,107500,2.1069717381611364e-05
6,0.1,117500,2.0408143119545247e-07
27,0.1,132500,8.928582162403525e-08
24,0.1,95000,8.532389226600332e-08
19,1.0,102500,1.6975269405491725e-06
12,1.0,85000,1.1990385033531427e-06
5,1.0,105000,1.1695858769765064e-06
24,10.0,97500,2.1698079719068147e-05
20,0.1,82500,2.4875681632145457e-07
12,10.0,82500,1.717791532152584e-05
6,10.0,107500,2.000003860841115e-05
22,10.0,92500,2.0512826740239425e-05
17,1.0,80000,1.7740385848010995e-06
16,1.0,140000,1.898742852938088e-06
25,10.0,97500,1.871920619667464e-05
6,0.1,127500,1.886790198592075e-07
5,1.0,95000,1.4925381640223503e-06
3,1.0,82500,1.6786553687660956e-06
16,1.0,127500,1.1677236614898023e-06
2,0.1,120000,8.826143694490443e-08
16,0.1,122500,1.3605484746912585e-07
15,0.1,80000,1.3513530032600016e-06
18,10.0,122500,2.1495292652913215e-05
14,1.0,135000,1.1994525215879668e-06
23,10.0,82500,2.316710442933093e-05
1,0.1,117500,1.677178221175963e-07
2,1.0,130000,1.117316699754202e-06
17,0.1,107500,6.2997736647069735e-22
18,0.1,137500,1.3262604636072104e-07
9,10.0,100000,2.240797111869879e-05
2,10.0,112500,1.666665269194761e-05
26,0.1,127500,1.3071840720086506e-07
18,10.0,120000,2.549022009036328e-05
23,1.0,90000,1.092890164145441e-06
17,1.0,115000,1.8041253441250367e-06
24,0.1,135000,2.1052609644921608e-07
14,0.1,115000,1.4144282388570887e-07
30,1.0,135000,2.173919632096749e-06
23,10.0,122500,1.822220286523569e-05
8,1.0,100000,1.1695905388970187e-06
11,10.0,135000,2.2486750594464022e-05
19,10.0,95000,2.4736825466942466e-05
9,10.0,92500,2.5233626274151862e-05
20,0.1,127500,6.6394866004906454e-21
30,1.0,117500,2.02157004474223e-06
16,10.0,130000,2.0064668636712963e-05
18,1.0,112500,1.5801344948337368e-06
20,1.0,85000,1.4388504727431736e-06
18,0.1,80000,2.1413331102419933e-06
11,0.1,105000,2.3696717852511463e-07
17,0.1,140000,1.6207473179843833e-07
7,0.1,112500,1.45348699632483e-07
8,1.0,122500,1.075265514300738e-06
6,0.1,85000,1.287006159417555e-07
3,0.1,122500,1.0183307055870461e-07
11,1.0,135000,1.7666848692555552e-06
28,0.1,82500,2.824853338193783e-07
11,10.0,117500,1.6091965775785034e-05
21,0.1,115000,1.7482526379155666e-07
12,0.1,117500,2.3041456264671817e-07
26,1.0,95000,1.5936249548568341e-06
15,10.0,140000,1.6352215579987457e-05
16,0.1,137500,7.241147605395366e-08
7,0.1,85000,1.273886239161099e-07
27,10.0,100000,2.0858956222439537e-05
18,1.0,100000,1.3289029154243866e-06
5,0.1,80000,1.5463909532206868e-06
16,10.0,140000,2.295081939169449e-05
11,0.1,102500,1.939859600532011e-07
19,1.0,122500,1.7587928601518615e-06
26,0.1,107500,1.3605442469370284e-07
12,1.0,130000,1.4998909421203286e-06
4,10.0,135000,2.413278217601532e-05
4,0.1,105000,1.4144275147313773e-07
29,1.0,102500,1.282053697613092e-06
19,10.0,127500,1.7628148802285043e-05
6,1.0,110000,1.1926611927339484e-06
8,0.1,97500,1.9398659045637616e-07
23,10.0,117500,1.8727915179622584e-05
19,0.1,92500,5.24383622410796e-08
19,1.0,130000,1.0582031947900414e-06
2,1.0,127500,1.5717110455155795e-06
3,1.0,85000,1.559018140643903e-06
5,1.0,135000,1.8348612330451031e-06
13,0.1,85000,2.5316419071959666e-07
7,0.1,127500,1.8115959690207167e-07
20,1.0,97500,1.7543868008699717e-06
6,1.0,112500,1.5705876913834077e-06
21,1.0,87500,1.2499965498705266e-06
4,0.1,97500,1.901139430020967e-07
7,0.1,132500,8.51788675247756e-08
22,1.0,82500,9.910787010913858e-07
1,1.0,140000,1.6348755970663173e-06
17,1.0,82500,1.5923529913605004e-06
1,1.0,120000,1.2578646240445339e-06
28,1.0,105000,1.8445282660804602e-06
30,10.0,102500,1.850220858914036e-05
4,10.0,90000,2.222222590058713e-05
4,1.0,85000,1.5625044962658687e-06
27,0.1,135000,1.4084507750955774e-07
15,0.1,127500,1.614206044715867e-07
29,10.0,125000,1.7647039561945736e-05
4,0.1,107500,9.765626354154885e-08
7,1.0,80000,1.9417464395794883e-06
28,10.0,125000,2.07407323051207e-05
3,0.1,120000,1.5082963982628146e-07
29,1.0,122500,1.1235940155420616e-06
30,1.0,122500,1.6293264984746826e-06
7,10.0,87500,2.2500000590433177e-05
29,0.1,112500,3.039525084131404e-07
21,10.0,90000,1.788618421562228e-05
12,0.1,102500,9.940352714678765e-08
19,10.0,117500,2.4867734311682933e-05
12,10.0,102500,2.2180451081939885e-05
20,1.0,102500,2.1858018116858847e-06
25,0.1,92500,1.2578754725708518e-07
15,0.1,132500,1.0615673478580139e-07
5,1.0,115000,1.7761988259961128e-06
9,10.0,110000,2.6936001003201368e-05
22,1.0,112500,1.7241354049986138e-06
13,1.0,90000,1.4018690936455946e-06
10,1.0,137500,1.8469621242235918e-06
25,0.1,125000,2.0576160494868916e-07
14,1.0,127500,1.2251149490233686e-06
26,10.0,100000,1.9999975001396005e-05
22,1.0,87500,2.393785530775502e-06
15,1.0,132500,1.218964395831989e-06
14,0.1,102500,1.2121223891915164e-07
25,0.1,117500,6.317139113600946e-08
23,0.1,120000,1.61680702309348e-07
13,1.0,132500,1.2315247302204972e-06
2,10.0,97500,2.236845552182384e-05
2,0.1,125000,6.326904407646513e-21
26,1.0,125000,1.4634137128169804e-06
9,0.1,137500,1.6638898235586994e-07
13,1.0,102500,1.3293944227482518e-06
13,1.0,140000,7.751491947590865e-07
5,10.0,112500,1.724137066243349e-05
27,10.0,140000,2.3529364658153606e-05
10,0.1,122500,1.4471792171500128e-07
17,0.1,110000,1.3333332079425598e-07
24,10.0,102500,1.7968796068983456e-05
23,1.0,117500,1.5376920923153783e-06
27,0.1,120000,1.6310592488508835e-21
7,0.1,135000,8.340634784855034e-21
12,0.1,95000,1.0204063129278412e-07
12,10.0,140000,2.2008235151232372e-05
20,10.0,95000,1.9390581698959247e-05
16,10.0,92500,1.995191771076724e-05
8,10.0,95000,1.9929654446400052e-05
19,0.1,105000,1.8450189138726304e-07
29,0.1,97500,1.308044322939123e-07
6,10.0,127500,2.456134499562492e-05
5,0.1,132500,1.7985555687247975e-07
4,10.0,127500,2.0060764002582784e-05
15,10.0,97500,2.0527885475868872e-05
16,0.1,82500,2.724788294941418e-07
6,1.0,130000,1.3129136131755375e-06
3,1.0,95000,2.4539882634825454e-06
18,10.0,110000,2.1463406148401404e-05
10,10.0,122500,2.0491847851363672e-05
1,1.0,85000,1.322751184816228e-06
4,0.1,130000,8.716295083875563e-21
22,0.1,137500,1.4064771890871154e-07
22,0.1,95000,6.494904600767554e-21
17,10.0,97500,1.5853703653869745e-05
18,1.0,110000,1.290319818272914e-06
5,10.0,117500,2.4689703734539657e-05
21,0.1,110000,2.0703926847429768e-07
1,1.0,100000,1.1200005856076036e-06
1,1.0,125000,1.4802648251448808e-06
24,1.0,105000,1.5923612003967103e-06
25,1.0,97500,1.0822510308914848e-06
21,10.0,140000,1.7647104174476217e-05
15,0.1,97500,7.782100538585229e-08
1,0.1,137500,8.212582903765214e-21
16,0.1,110000,2.659572924920728e-07
10,0.1,112500,1.7513227644828017e-07
27,0.1,102500,1.0928946548362828e-07
5,1.0,110000,1.6123459837532554e-06
6,10.0,125000,1.864407416189681e-05
22,0.1,85000,1.6977882569197907e-07
20,1.0,92500,1.4087758082425725e-06
22,0.1,127500,1.9704371101255058e-07
1,1.0,112500,1.8101546291822505e-06
28,10.0,112500,2.169982183074532e-05
6,10.0,85000,1.7213114616201884e-05
7,10.0,92500,1.992753921149468e-05
28,10.0,102500,2.1879036321422068e-05
25,0.1,137500,1.2406945804823804e-07
10,10.0,102500,2.145920168748841e-05
22,10.0,80000,1.500003485654993e-06
2,0.1,107500,1.7467236753892204e-07
10,10.0,95000,2.879999952906702e-05
11,10.0,115000,2.196533019725582e-05
5,1.0,137500,1.2195088992841915e-06
6,0.1,135000,1.1467910498165999e-07
3,0.1,137500,9.389670948667713e-08
28,10.0,97500,1.8390800055897354e-05
20,0.1,87500,9.843161043808824e-21
5,10.0,87500,2.2448953150326647e-05
13,10.0,115000,2.018635414844077e-05
13,1.0,110000,1.7064803009327398e-06
25,10.0,85000,2.307693199714107e-05
14,10.0,80000,2.23048090223866e-06
26,10.0,127500,2.370687359975238e-05
24,10.0,82500,1.5825322765734633e-05
28,1.0,112500,1.8469700205408199e-06
18,0.1,115000,2.1645051530099567e-07
12,10.0,132500,2.1052672170886498e-05
5,1.0,140000,1.4482581192856144e-06
7,10.0,132500,2.4999988866279963e-05
4,10.0,92500,1.541092173840741e-05
4,0.1,120000,2.1645019292834347e-07
17,10.0,110000,2.6570181838507652e-05
29,1.0,115000,1.3651848286906428e-06
27,10.0,85000,1.6772793849994114e-05
23,0.1,127500,1.4947656363122207e-07
4,10.0,95000,1.7647064930914932e-05
7,1.0,112500,1.4100146218557934e-06
1,0.1,132500,8.268980831808125e-21
3,1.0,135000,1.960784801584014e-06
22,10.0,90000,1.504177730029159e-05
13,0.1,127500,1.7152680017362088e-07
13,0.1,132500,6.9450470028235175e-19
10,0.1,132500,1.739130344088699e-07
25,10.0,105000,1.6539970385092913e-05
15,10.0,135000,2.222219211710509e-05
22,0.1,130000,1.1695893334788354e-07
18,1.0,135000,1.7307717801248234e-06
29,1.0,97500,1.908397631259025e-06
12,10.0,115000,2.3270438862778748e-05
14,1.0,122500,1.4388459013265205e-06
25,1.0,90000,1.633984561502268e-06
16,0.1,120000,6.267602984040315e-22
27,10.0,132500,2.2222206685176944e-05
26,1.0,122500,1.7186296696971144e-06
27,1.0,140000,1.6949165251827886e-06
28,10.0,82500,2.5471773630748012e-05
14,0.1,87500,9.578544269548476e-08
4,10.0,115000,2.5821528765599925e-05
30,10.0,122500,2.601625946792748e-05
10,1.0,125000,1.5455962169211692e-06
18,1.0,95000,1.7301054894796738e-06
4,1.0,115000,1.8292696159675926e-06
21,1.0,105000,1.034120499953511e-06
8,10.0,107500,1.8633503072442732e-05
3,10.0,135000,1.9931271356225317e-05
16,1.0,130000,1.45395882898548e-06
16,10.0,85000,1.647060420380829e-05
25,10.0,112500,1.783260933762601e-05
10,10.0,135000,1.6489362984504078e-05
30,0.1,127500,1.8726591147303802e-07
23,10.0,107500,1.7457391301250407e-05
18,1.0,92500,1.6348765792479889e-06
11,0.1,100000,1.0342593521276207e-20
1,0.1,120000,1.937981633932799e-07
25,1.0,92500,1.6393454226015202e-06
2,10.0,85000,1.967799560122008e-05
11,10.0,105000,1.8181818750680007e-05
19,10.0,122500,2.1390283724947897e-05
25,0.1,90000,1.3227544506818608e-07
9,10.0,102500,2.262662894084209e-05
13,0.1,135000,1.4814793358084462e-07
7,0.1,87500,1.8017995293833378e-07
16,1.0,137500,1.2965956880282727e-06
9,1.0,115000,1.5313948252327086e-06
22,10.0,97500,2.486776232168145e-05
9,10.0,85000,1.860463984263509e-05
12,0.1,132500,1.5455932978015515e-07
6,10.0,130000,1.9354855229988226e-05
14,10.0,135000,1.8644063558375715e-05
3,0.1,115000,1.4285669923624293e-07
8,1.0,105000,1.4778330546330111e-06
26,1.0,80000,1.6148379473062809e-06
16,0.1,140000,4.2463020220709695e-08
4,10.0,105000,2.3219830982320138e-05
4,10.0,107500,2.1000016602771477e-05
12,1.0,105000,1.280411524099239e-06
11,10.0,130000,1.963046774403371e-05
17,0.1,92500,9.983259232505715e-08
30,0.1,140000,1.7093991011110884e-07
9,10.0,82500,2.086046677785611e-05
30,0.1,100000,7.302792245334861e-19
27,0.1,115000,1.6447372936330738e-07
23,0.1,100000,7.69821522310651e-08
11,1.0,92500,1.7509725267134676e-06
13,1.0,107500,2.07819244838514e-06
30,1.0,105000,1.7543869666936755e-06
10,0.1,90000,1.7969466212407546e-07
30,10.0,125000,1.5536736683721927e-05
23,10.0,125000,2.148150313204676e-05
15,10.0,117500,1.8987329002948172e-05
5,10.0,92500,2.116208698182327e-05
25,1.0,87500,1.777775348003632e-06
3,0.1,92500,1.8018019268788848e-07
22,1.0,135000,1.6233767148695594e-06
22,10.0,127500,2.2346386462320346e-05
25,1.0,127500,1.196660023320969e-06
29,10.0,87500,2.117118229113953e-05
18,1.0,120000,1.6415899375928014e-06
12,1.0,97500,1.4754123618486192e-06
25,10.0,102500,2.205881737665455e-05
13,10.0,125000,1.720430517915581e-05
4,10.0,102500,2.3717879704499486e-05
18,1.0,107500,1.52232583168419e-06
30,0.1,80000,1.4897613740542283e-06
19,0.1,120000,2.5284533344612447e-07
30,10.0,92500,2.184472074959606e-05
3,10.0,100000,1.981977175056571e-05
3,10.0,127500,1.8656708777202432e-05
11,1.0,122500,2.329755719267575e-06
11,0.1,122500,7.446008627664367e-08
5,0.1,82500,1.3559312659675046e-07
15,1.0,112500,1.3793120218356867e-06
23,0.1,112500,1.3123420731789849e-07
16,1.0,105000,1.3906482533331905e-06
24,0.1,127500,1.392756862292036e-07
8,1.0,90000,1.1600902751992735e-06
15,10.0,120000,2.1739141562772077e-05
28,0.1,122500,1.1982718635555269e-20
1,10.0,115000,1.4963535781227268e-05
16,0.1,100000,1.808318325509525e-07
1,10.0,105000,2.499993120468763e-05
3,0.1,97500,1.7094002263301585e-07
21,10.0,110000,1.7679512853309992e-05
15,0.1,102500,1.4947642919439258e-07
15,1.0,110000,1.6670096024962095e-06
2,1.0,135000,1.6949134251809677e-06
18,1.0,125000,1.2345671898957076e-06
24,1.0,92500,1.932361661508063e-06
28,0.1,137500,2.444988685391724e-07
10,1.0,140000,2.2082431742354315e-06
24,0.1,137500,1.0559645880247651e-07
30,10.0,120000,1.9565216469079003e-05
15,1.0,95000,2.3923526559976228e-06
24,10.0,137500,2.222219907549505e-05
1,1.0,137500,1.4830516160911652e-06
29,10.0,102500,2.391302447528792e-05
1,10.0,132500,2.0146530212172537e-05
2,10.0,125000,2.04819454354331e-05
2,0.1,110000,1.599999547224873e-07
2,1.0,92500,2.262449266894809e-06
12,1.0,95000,1.0845973284168565e-06
5,0.1,135000,7.795964536183659e-19
5,0.1,112500,6.671112542665937e-08
29,0.1,110000,1.731598524118827e-07
3,10.0,115000,2.396692111393554e-05
14,10.0,92500,2.049693229007365e-05
11,1.0,85000,1.2269937483209997e-06
1,0.1,87500,3.881359107372479e-19
20,1.0,115000,1.3513488547926095e-06
2,0.1,82500,2.2717049536697531e-07
14,0.1,97500,3.205120613923536e-07
1,0.1,97500,1.6339840087710038e-07
18,10.0,102500,1.805053160679401e-05
28,0.1,102500,1.4124316819788576e-07
11,0.1,87500,1.9193848698591514e-07
1,1.0,105000,2.2950815036573037e-06
4,1.0,130000,2.3437581437072084e-06
10,1.0,92500,1.811594520280588e-06
30,10.0,85000,2.5714248964588062e-05
13,0.1,95000,1.1614362690996007e-07
18,10.0,115000,1.8702278815491235e-05
21,0.1,95000,3.229279545062845e-07
4,0.1,110000,1.278773139557149e-07
9,10.0,90000,2.1568617905374763e-05
14,1.0,95000,1.1904779330278417e-06
18,0.1,85000,8.945479550683539e-21
5,1.0,80000,1.916938750178651e-06
29,0.1,92500,1.3458918814765005e-07
18,1.0,87500,1.2477715419550766e-06
20,1.0,107500,1.1049725105929265e-06
1,10.0,117500,1.7107710903522208e-05
22,10.0,120000,1.402213092267551e-05
22,10.0,87500,2.1276616631405805e-05
24,1.0,87500,1.5037584862259427e-06
26,0.1,110000,1.468427032506138e-07
23,0.1,80000,2.0833356447609534e-06
2,10.0,140000,2.1963776012546315e-05
10,10.0,120000,2.492212522478549e-05
19,10.0,120000,2.1367534435801156e-05
12,1.0,120000,1.3888874296580182e-06
14,1.0,125000,1.5118848337852589e-06
9,1.0,122500,1.4469465784528999e-06
9,1.0,112500,2.102754064032705e-06
14,1.0,105000,1.8348685866412973e-06
5,10.0,115000,2.0833366306780436e-05
9,1.0,127500,2.293575827879113e-06
28,0.1,107500,8.283767322321656e-21
27,10.0,112500,2.0661206625865355e-05
25,0.1,97500,1.8083190472407024e-07
6,10.0,110000,2.028400935226699e-05
11,1.0,127500,2.078520170683588e-06
4,1.0,105000,1.6774223355300004e-06
6,0.1,110000,6.353476464970286e-22
19,1.0,112500,1.3513537945978096e-06
5,1.0,125000,1.6949067135755273e-06
21,10.0,97500,1.9999996476855257e-05
28,10.0,87500,1.7391270489763448e-05
18,10.0,132500,1.9109195222352714e-05
6,0.1,115000,1.2437817562591622e-07
4,0.1,95000,1.2376265538535784e-07
5,0.1,90000,1.383124735266389e-07
27,10.0,92500,1.5841588455845876e-05
28,0.1,120000,8.961090370490977e-21
2,10.0,132500,2.2299658484136647e-05
18,10.0,135000,1.919188006345709e-05
12,0.1,87500,1.216543301086822e-07
6,0.1,125000,2.2624546607104375e-07
23,10.0,90000,2.147237127216608e-05
9,1.0,95000,1.7024322660743984e-06
2,0.1,130000,1.1135846117656853e-07
20,1.0,125000,1.2219969440285683e-06
21,1.0,85000,1.574804227386016e-06
12,10.0,105000,2.010869622901236e-05
29,0.1,90000,1.0846033759006999e-07
14,10.0,100000,2.4137938457064808e-05
13,1.0,115000,1.7271157702844315e-06
9,0.1,87500,1.0080660593765573e-07
24,1.0,80000,1.2775842168096635e-06
20,0.1,85000,1.689190838577952e-07
30,0.1,87500,8.351666190187044e-21
9,1.0,117500,8.871796844849841e-07
24,10.0,105000,2.2448979010061888e-05
29,1.0,90000,1.361156759053192e-06
17,1.0,125000,1.3363039273590083e-06
12,0.1,122500,2.0466067286869027e-07
5,1.0,100000,1.1299429736466604e-06
4,0.1,80000,2.156333783893239e-06
2,0.1,102500,1.2180273272566904e-07
23,10.0,120000,2.3866290181076638e-05
5,1.0,87500,1.7241365827442329e-06
24,1.0,135000,1.270108201493584e-06
17,1.0,105000,1.204820958227939e-06
7,1.0,130000,1.4834244795677857e-06
27,10.0,95000,2.500001252433221e-05
19,1.0,125000,1.8691509879112702e-06
28,1.0,140000,1.3736250859921993e-06
25,1.0,125000,1.369861615280604e-06
16,0.1,130000,2.56410688200552e-07
1,1.0,122500,1.5151472707726203e-06
14,10.0,130000,1.7647034594943798e-05
19,1.0,92500,1.315787919945539e-06
17,1.0,102500,1.4588318647444446e-06
14,1.0,102500,1.8766811000715684e-06
26,0.1,130000,8.658011922386908e-08
16,10.0,115000,2.21556751407936e-05
14,1.0,107500,1.7857161685479603e-06
9,1.0,137500,1.2787665469100837e-06
3,1.0,87500,1.0169462959333613e-06
20,0.1,130000,9.746585676418779e-08
21,1.0,80000,1.351349802688333e-06
20,1.0,95000,1.4571923170968396e-06
18,0.1,127500,1.855285132195785e-07
23,1.0,85000,1.5706867422754424e-06
15,0.1,115000,9.980032729696597e-08
28,1.0,132500,1.2173267012015256e-06
8,10.0,82500,2.168141682985712e-05
3,10.0,110000,1.736978238103828e-05
21,10.0,82500,1.9468988816002325e-05
9,1.0,92500,1.7006791756606203e-06
19,1.0,82500,2.280216302094722e-06
25,10.0,127500,1.758239735654742e-05
7,1.0,115000,1.2731460994303836e-06
22,10.0,82500,1.43203299835246e-05
23,1.0,80000,2.077926915391792e-06
30,10.0,140000,2.318842525212493e-05
24,10.0,130000,2.089551955403563e-05
4,10.0,85000,2.4729494016375293e-05
9,0.1,135000,1.259444510605671e-07
29,1.0,137500,1.944447298631133e-06
15,10.0,130000,2.0481929464989365e-05
6,0.1,80000,1.7632242549538375e-06
10,10.0,130000,2.4475485350175718e-05
7,0.1,92500,1.0256456412951752e-07
14,1.0,112500,2.030463618757779e-06
20,10.0,125000,2.3316040863511842e-05
27,10.0,80000,1.6949134233003195e-06
21,0.1,117500,4.0549000877027927e-19
20,10.0,110000,2.1621607240457267e-05
28,10.0,115000,1.7142903732124742e-05
9,0.1,100000,1.2239937526187598e-07
4,1.0,137500,1.9099030787407325e-06
15,0.1,92500,8.86523745345064e-08
16,0.1,97500,1.4684282749305242e-07
6,0.1,140000,8.873098340871201e-08
8,10.0,100000,2.1893511588359022e-05
21,1.0,117500,1.798555895940509e-06
30,0.1,137500,1.5898238464662353e-07
29,1.0,82500,1.349068804197635e-06
10,0.1,102500,1.212121186266034e-07
6,1.0,140000,1.3824851989247374e-06
10,1.0,130000,1.9548811251061795e-06
3,10.0,122500,1.777782447181637e-05
2,1.0,80000,1.5384613341282646e-06
15,10.0,100000,1.8055494090744168e-05
8,0.1,125000,1.366117516597386e-07
29,10.0,95000,2.3715451855119384e-05
22,10.0,107500,2.553196774322568e-05
26,10.0,85000,1.999997563175489e-05
5,1.0,90000,2.066114141374589e-06
1,10.0,137500,2.0218548760838784e-05
11,0.1,92500,2.2727324574261987e-07
6,1.0,125000,1.4285729007442899e-06
1,10.0,125000,2.3239419341068176e-05
3,10.0,85000,2.269854428759422e-05
24,0.1,92500,1.3003905800357878e-07
7,1.0,135000,1.7271173928628152e-06
6,1.0,107500,1.4344218148042164e-06
25,1.0,120000,1.5748063264137114e-06
29,1.0,87500,1.225738680314129e-06
2,1.0,132500,1.821194592333693e-06
27,1.0,112500,9.34579176641539e-07
8,10.0,130000,1.908770976087816e-05
19,10.0,135000,2.0000052124305945e-05
10,1.0,127500,1.7751503121696642e-06
2,1.0,117500,1.7167382850335265e-06
14,0.1,137500,1.2360928218253832e-07
7,0.1,100000,1.831499613718169e-07
20,1.0,120000,1.4925388094408042e-06
8,1.0,117500,1.3725496681687143e-06
27,10.0,120000,2.139800345038285e-05
30,1.0,130000,1.2987016461876508e-06
19,0.1,127500,8.34290134873277e-21
24,10.0,140000,1.860464400930086e-05
12,0.1,112500,1.669441434322726e-07
21,10.0,107500,2.2743699756380785e-05
1,1.0,102500,1.7587876161196482e-06
27,0.1,140000,1.2195127441392189e-07
15,10.0,102500,1.9047716633684187e-05
12,10.0,137500,2.1008402764680686e-05
22,0.1,140000,1.610306873941577e-07
11,10.0,140000,2.2222236716086177e-05
28,1.0,100000,1.53452818479709e-06
26,1.0,105000,1.3250191727535435e-06
25,1.0,112500,2.0325284935021228e-06
10,1.0,117500,1.9230775883251665e-06
7,0.1,120000,1.0810780376318844e-07
27,10.0,125000,1.9801938076952904e-05
8,0.1,102500,1.0010010073305048e-07
20,10.0,100000,1.836736510244229e-05
12,0.1,90000,6.167481971331621e-22
22,0.1,117500,1.1481074142377986e-07
23,0.1,95000,6.523729539362017e-21
20,0.1,97500,1.3531804656558137e-07
26,1.0,107500,1.6666693994401636e-06
30,10.0,127500,2.2257992569135157e-05
25,1.0,85000,1.569506615321082e-06
28,10.0,107500,1.8897660328043095e-05
26,1.0,82500,1.8363936681840607e-06
10,1.0,122500,1.3793109969097563e-06
10,0.1,137500,1.1376582729805699e-07
7,0.1,110000,1.4025301081623304e-07
2,1.0,100000,1.7467231974049962e-06
19,0.1,140000,2.3584906051284707e-07
3,10.0,117500,2.45732916704021e-05
30,0.1,112500,1.7574647895674487e-07
8,10.0,80000,1.690818704253427e-06
11,0.1,95000,8.957472047019211e-21
19,0.1,87500,6.644522747867379e-08
17,0.1,105000,7.427367566584564e-19
26,10.0,95000,1.6935487530517963e-05
11,1.0,80000,1.5503887939793866e-06
25,10.0,115000,2.4185070555688085e-05
6,0.1,97500,1.1481055621821995e-07
27,10.0,127500,2.252252282248972e-05
8,10.0,105000,2.2799991699904043e-05
24,0.1,122500,1.577286537918058e-07
7,1.0,105000,1.639350099348577e-06
2,10.0,122500,2.3372260925209566e-05
26,0.1,80000,1.381215806661168e-06
5,0.1,87500,1.1671526830867011e-20
18,10.0,100000,2.23576869717921e-05
6,10.0,137500,2.3626315102789385e-05
24,10.0,100000,1.6783210981936533e-05
2,0.1,140000,1.7301035716844688e-07
5,10.0,122500,2.173912861242266e-05
27,1.0,125000,1.898733106619058e-06
2,10.0,135000,2.0338982203194626e-05
29,10.0,112500,1.830985570392747e-05
27,1.0,97500,1.7857111083484191e-06
16,10.0,122500,2.4937668499565063e-05
16,0.1,127500,1.0183313241555153e-07
5,0.1,110000,6.373488780544705e-08
29,1.0,135000,1.7171735639411292e-06
20,10.0,132500,1.963995721268401e-05
17,10.0,125000,2.3999946661509563e-05
5,10.0,90000,1.8382410844419996e-05
17,0.1,100000,9.354863822731841e-21
27,0.1,85000,1.8248220873686588e-07
18,10.0,130000,1.7351578610831283e-05
24,10.0,115000,2.3369648326053165e-05
29,10.0,97500,1.637109003350083e-05
30,0.1,110000,1.9920310641387057e-07
21,10.0,115000,2.3399014732858204e-05
11,10.0,107500,2.1052641897240193e-05
3,1.0,90000,1.362087345808608e-06
3,0.1,102500,1.7793594351739194e-07
26,10.0,112500,2.0533809952075327e-05
15,1.0,107500,1.0303908790605368e-06
29,1.0,80000,1.661128469108984e-06
9,0.1,122500,2.30414664004346e-07
11,1.0,112500,1.4259818560301012e-06
5,0.1,100000,1.4184410845562358e-07
21,0.1,92500,1.8587359016318241e-07
2,1.0,105000,1.9230780888313645e-06
21,10.0,92500,2.272716696147291e-05
28,1.0,95000,1.1483783246887026e-06
13,1.0,137500,2.13089664858765e-06
20,10.0,135000,2.3411361848616805e-05
1,10.0,95000,2.3058822436970247e-05
3,10.0,140000,2.278479833370745e-05
20,1.0,105000,1.1258089516151086e-06
3,10.0,105000,1.9061616907360468e-05
25,1.0,132500,1.181102297308858e-06
1,0.1,115000,9.975062211369229e-08
29,1.0,140000,1.5679433243120477e-06
17,10.0,120000,1.8322311525035143e-05
18,1.0,97500,1.999996528364355e-06
30,10.0,105000,2.3076905894659197e-05
13,0.1,90000,1.6556271725095645e-07
5,10.0,140000,2.711864098526834e-05
25,0.1,85000,2.919711911970266e-07
14,10.0,117500,2.888888468099243e-05
11,10.0,132500,1.5862738243010483e-05
23,0.1,87500,1.166861100528381e-07
6,10.0,102500,1.6289616040025706e-05
21,0.1,100000,1.3227545056090977e-07
8,10.0,87500,1.7085451896712036e-05
17,10.0,87500,1.861258548670197e-05
5,10.0,125000,1.9525865593662784e-05
16,1.0,135000,1.6574595298729327e-06
24,0.1,105000,1.7793584950236624e-07
27,10.0,122500,2.000002630681286e-05
2,0.1,90000,1.1299432727654547e-07
12,1.0,92500,1.4851466761342904e-06
1,10.0,122500,1.9433147411808348e-05
30,0.1,107500,3.278697257354073e-07
29,10.0,80000,1.548671243283979e-06
19,10.0,125000,2.0731748588324743e-05
28,0.1,105000,7.968142684527167e-08
16,0.1,105000,9.842509404377106e-08
24,10.0,92500,2.5203277111533748e-05
26,10.0,122500,2.0754759775634268e-05
14,1.0,132500,1.0204084034495463e-06
25,0.1,135000,9.216562725489634e-08
9,10.0,97500,2.009274595807107e-05
27,0.1,100000,1.9493151119185877e-07
18,0.1,95000,2.1052662030165105e-07
3,0.1,80000,1.5267179571523028e-06
4,10.0,80000,2.083334484977489e-06
13,0.1,140000,1.7699130562612405e-07
28,1.0,110000,1.4466584363351494e-06
18,0.1,107500,1.597441911098574e-07
2,1.0,95000,1.6420720660949535e-06
28,1.0,97500,1.550386189836402e-06
26,10.0,135000,1.7866040647310192e-05
18,1.0,127500,1.6853954452958842e-06
11,10.0,95000,2.6087004267765543e-05
2,1.0,102500,1.3409990792918053e-06
19,10.0,105000,2.19779705801254e-05
23,1.0,122500,1.972872477333436e-06
14,0.1,125000,9.737097841113327e-08
26,0.1,125000,1.0504183003206057e-07
18,1.0,130000,1.8691611202832783e-06
3,1.0,115000,1.3215856044562277e-06
22,1.0,115000,2.25225605140829e-06
14,0.1,85000,8.257623300137474e-08
29,0.1,127500,1.4164326916459686e-07
26,10.0,102500,2.091254774470888e-05
17,10.0,80000,1.4814816508067284e-06
27,10.0,105000,1.7027839907825264e-05
20,10.0,115000,2.3999996296192212e-05
2,0.1,97500,7.358351470263027e-08
5,0.1,85000,1.7271138784501666e-07
12,1.0,90000,1.8126904872129061e-06
1,0.1,127500,1.1376587691122431e-07
19,1.0,105000,1.7006812501274957e-06
21,10.0,117500,2.365591207031302e-05
17,10.0,137500,1.9667091803940077e-05
5,1.0,85000,1.6736406193915222e-06
25,0.1,115000,1.1990380828656456e-07
25,0.1,80000,1.5384663130207123e-06
11,0.1,97500,2.570693970308689e-07
26,0.1,92500,6.313137259822035e-08
17,10.0,95000,2.265624215948329e-05
15,10.0,132500,1.891894089145524e-05
16,10.0,95000,2.0274009892209708e-05
15,1.0,117500,1.8348623248432064e-06
19,1.0,117500,1.0788392024456764e-06
4,1.0,110000,1.2327577612271364e-06
7,1.0,85000,1.1752556973237099e-06
15,1.0,80000,1.6233770994267143e-06
20,0.1,112500,2.0768446156511582e-07
11,1.0,137500,1.4672699189404696e-06
3,1.0,122500,1.3594854360910884e-06
22,10.0,135000,2.2101454681643905e-05
6,10.0,117500,1.7271157114866667e-05
10,10.0,85000,1.3809505266419303e-05
19,10.0,112500,2.150534478063628e-05
1,10.0,110000,1.766245110956655e-05
8,10.0,97500,1.9680880009968075e-05
2,1.0,90000,1.5872979650429538e-06
13,0.1,92500,5.753610324170065e-21
3,10.0,82500,1.786543009502893e-05
11,10.0,120000,1.8224723502663234e-05
1,0.1,82500,7.435967366240242e-21
4,10.0,112500,1.4440412843276394e-05
13,1.0,125000,1.8867893078314e-06
3,1.0,140000,1.7353571595907842e-06
8,10.0,92500,2.4621253759937153e-05
14,10.0,132500,2.5742576851342384e-05
23,0.1,92500,1.4619871227181585e-07
21,0.1,127500,1.4450838163319037e-07
28,1.0,92500,2.1844680851907965e-06
27,10.0,102500,2.5167792809094373e-05
21,0.1,120000,4.618514205296006e-19
15,10.0,87500,2.3841059298049694e-05
30,10.0,95000,2.289895324764909e-05
5,0.1,117500,2.932542572151e-07
1,0.1,135000,8.341041349233467e-21
11,1.0,105000,1.7908848865016452e-06
6,0.1,87500,1.5872992389126485e-07
12,10.0,130000,2.926817489572649e-05
24,1.0,102500,1.0731980411379532e-06
6,0.1,130000,1.2062728184543925e-07
19,1.0,107500,1.5527945273264818e-06
4,10.0,110000,2.2357745794969787e-05
9,0.1,95000,7.302875190198349e-19
8,1.0,115000,1.6304349564015106e-06
12,1.0,102500,1.4217991478308051e-06
12,1.0,87500,2.015114774836158e-06
23,1.0,130000,1.4705903653458273e-06
26,10.0,120000,1.99999637490391e-05
12,0.1,85000,1.8587334782329146e-07
26,10.0,92500,2.3999977424557326e-05
18,1.0,132500,1.571442413957165e-06
2,1.0,107500,1.8666645589992766e-06
26,1.0,140000,1.6042793071158807e-06
22,1.0,125000,1.682443754266175e-06
30,0.1,130000,9.017130373770705e-08
23,10.0,112500,2.148757782491243e-05
21,1.0,140000,1.3157873118887034e-06
8,0.1,140000,1.5455991766993934e-07
10,10.0,80000,1.2567330354592738e-06
17,1.0,110000,1.480489577984772e-06
10,0.1,80000,2.051739233376264e-06
24,10.0,90000,2.031243739962399e-05
21,0.1,90000,1.4749272835813924e-07
17,10.0,82500,1.509433740710707e-05
30,10.0,107500,2.0560761736128682e-05
5,1.0,112500,1.3806723606589375e-06
22,10.0,115000,1.916998859568265e-05
6,1.0,132500,1.5503874730615454e-06
18,0.1,105000,6.188120705421022e-08
5,10.0,100000,1.904759100250264e-05
22,0.1,125000,7.470028153788732e-19
24,10.0,107500,2.3450581877178382e-05
12,1.0,127500,1.8408286483677537e-06
15,1.0,105000,1.3258865106123153e-06
6,1.0,87500,1.2433348751241653e-06
2,10.0,82500,1.8604633952729908e-05
11,0.1,120000,8.643041971286972e-08
5,10.0,135000,2.162156847371913e-05
30,0.1,82500,3.952559688790179e-07
21,1.0,135000,1.26582130120647e-06
29,1.0,125000,1.605502438704067e-06
5,10.0,107500,2.065217415116664e-05
5,0.1,137500,1.201925808339719e-07
17,1.0,97500,1.2345655711307156e-06
7,0.1,117500,8.020257445849245e-21
2,0.1,100000,1.8050420847599482e-07
16,1.0,132500,1.7839965282520824e-06
6,1.0,90000,1.9646378059724514e-06
6,10.0,135000,2.2666731853522062e-05
14,10.0,85000,1.8024398914093777e-05
14,0.1,105000,1.1312217881444485e-07
5,0.1,127500,2.103050056227112e-07
26,10.0,132500,1.976745158703297e-05
10,1.0,102500,1.424496051117045e-06
5,0.1,107500,9.624625411317397e-08
28,1.0,107500,1.5679392920742292e-06
5,10.0,120000,1.9230775609927155e-05
22,1.0,90000,1.8552847427660712e-06
21,1.0,100000,1.2690335606060754e-06
16,1.0,122500,1.6641498785923822e-06
2,10.0,102500,2.1505374731120193e-05
27,1.0,82500,1.1627907110095687e-06
28,0.1,110000,1.43061277855712e-07
22,0.1,105000,1.6694459727659176e-07
25,0.1,87500,6.738702350571558e-21
7,0.1,82500,2.5466983866970214e-07
6,1.0,115000,1.2345681609436444e-06
9,0.1,140000,1.7605634078108766e-07
10,0.1,107500,1.291986977681155e-07
8,10.0,110000,2.9281759644064584e-05
14,10.0,122500,2.0466119930843878e-05
25,10.0,87500,2.228568449586386e-05
27,0.1,127500,7.904888914826647e-21
20,10.0,92500,2.105264906402133e-05
25,10.0,120000,2.1761704121819767e-05
27,10.0,97500,1.840659009442049e-05
16,0.1,102500,1.566170590901587e-07
26,10.0,140000,1.9784192301244423e-05
7,10.0,125000,2.379032193403485e-05
15,0.1,95000,1.6103055647458238e-07
24,0.1,85000,2.585613852751794e-07
15,1.0,137500,1.4760163295341142e-06
13,0.1,102500,8.326385040972497e-08
22,0.1,100000,2.564101435000532e-07
12,1.0,110000,1.612901071732838e-06
5,10.0,132500,2.0370424515035148e-05
28,10.0,132500,2.101579666205238e-05
7,10.0,135000,1.7718496535047547e-05
7,1.0,140000,1.4799162499321155e-06
6,1.0,135000,1.2919916475651757e-06
16,1.0,110000,1.1811020111505559e-06
25,10.0,92500,2.4999930282632942e-05
6,10.0,97500,2.0654038012846247e-05
30,1.0,137500,1.7865174062304118e-06
16,10.0,97500,2.0000042594183736e-05
7,1.0,92500,1.6064277971853957e-06
14,1.0,140000,1.4218010751507402e-06
5,10.0,80000,1.3636339678913152e-06
1,10.0,112500,2.3965112471116325e-05
8,0.1,130000,7.881981665704523e-21
10,10.0,87500,2.203397444492116e-05
21,1.0,92500,2.3622065984104104e-06
20,10.0,105000,1.4529912903265397e-05
15,10.0,112500,1.8787835099864214e-05
17,10.0,112500,2.0987595116714643e-05
25,0.1,120000,2.1881768806658081e-07
7,1.0,117500,1.5384603952706372e-06
12,0.1,140000,1.8214940742950054e-07
19,1.0,100000,1.6279057039885111e-06
9,0.1,125000,1.6411401614519967e-07
21,10.0,85000,2.1153814536949756e-05
26,1.0,117500,1.7123323287422908e-06
25,0.1,140000,1.88146972733721e-07
27,10.0,87500,2.5044722975407703e-05
24,0.1,90000,7.473853391030932e-08
3,0.1,87500,1.8761707335573322e-07
18,1.0,117500,1.995568582331908e-06
20,0.1,115000,7.3028052206616685e-19
10,1.0,90000,2.3942531634181337e-06
27,1.0,122500,1.1709589787218012e-06
24,1.0,127500,2.254099580771219e-06
28,1.0,90000,1.9047616214271904e-06
26,1.0,97500,1.6635863451362672e-06
17,10.0,135000,1.5068486159053802e-05
6,1.0,100000,1.955307804023832e-06
26,10.0,97500,1.838238034733852e-05
4,10.0,100000,2.525998422892036e-05
4,0.1,87500,1.1723307662753292e-07
6,0.1,132500,1.1500824676186729e-07
25,10.0,107500,2.352943114930771e-05
27,0.1,82500,5.076146245693809e-07
13,0.1,117500,1.0718118919686561e-07
2,10.0,110000,1.4749931101298524e-05
22,1.0,130000,1.5151523800097627e-06
30,1.0,95000,1.7765406988022549e-06
7,1.0,100000,1.4814799155638425e-06
25,10.0,135000,2.0930165131271847e-05
21,1.0,130000,1.6393468903132336e-06
26,10.0,90000,1.5957459926358944e-05
23,0.1,102500,2.3419180774774853e-07
7,10.0,140000,1.9270817833093114e-05
13,0.1,110000,2.0703914957814955e-07
24,0.1,112500,1.6806700946704102e-07
6,10.0,115000,2.2754555887935617e-05
24,1.0,122500,1.2750452900247338e-06
11,10.0,85000,1.974522265793192e-05
6,1.0,97500,1.807444138823778e-06
13,10.0,105000,1.9852943954345447e-05
19,0.1,132500,1.5698584715059807e-07
21,1.0,95000,1.4732987368992998e-06
24,1.0,100000,1.2254907098496488e-06
1,10.0,100000,2.159757258806025e-05
13,1.0,112500,1.4409194574826822e-06
10,0.1,117500,8.16326103322696e-08
24,0.1,117500,8.956185145962631e-21
8,10.0,135000,2.090911699775621e-05
21,10.0,120000,1.7482568388806232e-05
19,10.0,92500,2.1612940130695548e-05
24,1.0,97500,1.7746960513536489e-06
28,10.0,92500,2.2950894290405183e-05
16,1.0,95000,1.8181822605350568e-06
17,0.1,127500,1.126125650484944e-07
24,0.1,120000,6.944444512852078e-08
11,10.0,87500,2.743677602552781e-05
28,0.1,97500,1.371742774823091e-07
16,0.1,87500,2.1367551016366157e-07
15,1.0,130000,1.7699117525151132e-06
5,0.1,140000,1.477104877234695e-07
11,1.0,115000,1.2526074600302838e-06
21,1.0,90000,1.515149541304291e-06
23,0.1,137500,1.80831678720493e-07
21,1.0,122500,1.290323649389011e-06
9,1.0,102500,1.7492717538490716e-06
24,0.1,132500,1.6597496795215523e-07
12,10.0,87500,1.8076996231567927e-05
24,1.0,95000,1.5479907537317783e-06
10,10.0,97500,1.7406203127025226e-05
22,0.1,132500,1.3793152237977017e-07
15,10.0,85000,2.1897812867126027e-05
27,0.1,107500,1.7137936043666494e-07
20,0.1,110000,1.8518464898737002e-07
27,1.0,137500,1.7006827975866788e-06
17,0.1,120000,1.2535946459343022e-07
8,1.0,140000,1.5748053338199473e-06
8,10.0,112500,2.452826923989725e-05
18,0.1,132500,2.2658617334262168e-07
8,10.0,127500,1.6863556733333853e-05
27,10.0,130000,2.0603002821920712e-05
30,10.0,135000,2.4282647983006356e-05
7,10.0,130000,2.0214043485285983e-05
26,0.1,95000,2.377179799378418e-07
28,1.0,125000,2.194150389907125e-06
28,1.0,135000,1.3840802478602806e-06
30,1.0,80000,1.5037590656233974e-06
14,0.1,135000,1.540831560047048e-07
16,10.0,82500,2.105269191138015e-05
23,0.1,105000,1.0319918987749419e-07
4,0.1,82500,3.5587206141159653e-07
14,0.1,110000,2.1008374749225248e-07
19,1.0,135000,1.5250527699241353e-06
9,0.1,110000,6.251550181662364e-22
27,1.0,107500,1.6096523055776916e-06
26,1.0,115000,1.8450222930812724e-06
30,1.0,102500,2.0833320879976617e-06
18,1.0,122500,1.7068266506845426e-06
29,10.0,85000,2.2680409498830325e-05
23,1.0,125000,1.6085749691131285e-06
9,0.1,115000,1.2886591123790917e-07
1,0.1,92500,6.1881147937979e-08
3,0.1,130000,8.598452675307101e-08
12,10.0,107500,1.9607883488801134e-05
21,0.1,80000,1.5384578265424097e-06
28,0.1,85000,9.989992005192316e-08
18,0.1,125000,1.531392007632227e-07
7,0.1,140000,1.3812106575719724e-07
29,10.0,122500,2.123555138599465e-05
16,10.0,132500,2.9999995990702034e-05
27,0.1,125000,1.1520740543014859e-07
2,0.1,87500,1.5432102002934518e-07
3,1.0,110000,1.6393478634042122e-06
25,1.0,130000,1.3071913830903466e-06
19,1.0,87500,1.4376998224944955e-06
4,10.0,97500,2.266359291326639e-05
14,10.0,125000,2.222223941262722e-05
9,10.0,112500,2.1989577475259674e-05
15,1.0,127500,2.312151758252921e-06
29,10.0,92500,2.0000018391926316e-05
21,0.1,85000,8.748908738555916e-08
3,10.0,80000,1.0295980379969244e-06
22,10.0,100000,2.1238949926589878e-05
11,1.0,95000,1.338689874319409e-06
1,10.0,107500,1.6363660890727587e-05
5,1.0,117500,1.522841821458602e-06
22,0.1,120000,2.2624439231851757e-07
26,0.1,115000,1.787310056168627e-07
8,0.1,100000,1.3927570130829885e-07
27,1.0,95000,1.2915154015069127e-06
9,0.1,107500,1.937988105312893e-07
4,0.1,122500,1.3755142950059288e-07
4,1.0,102500,1.612905891088915e-06
29,0.1,122500,9.310985811479253e-08
4,1.0,107500,1.4798342375924407e-06
27,1.0,92500,1.00200648289057e-06
17,1.0,112500,2.0373557009166214e-06
30,10.0,90000,2.112674628300872e-05
14,10.0,102500,1.9855558213395103e-05
23,10.0,110000,1.4893567713426231e-05
23,1.0,127500,1.6483548214976222e-06
6,0.1,105000,1.396653994188412e-07
15,1.0,97500,1.311476634299447e-06
17,0.1,125000,7.735649136959713e-21
23,1.0,135000,1.9858103297433817e-06
13,0.1,137500,1.56739822376336e-07
4,0.1,125000,1.367052769398248e-07
10,1.0,87500,1.4959340706169029e-06
13,10.0,102500,1.9718362917500796e-05
25,10.0,130000,1.6666698184896463e-05
25,1.0,115000,1.4935051775400934e-06
1,1.0,132500,1.5936278062870677e-06
12,1.0,107500,2.1402845747945307e-06
4,10.0,132500,1.773047983229088e-05
12,0.1,105000,1.287002516029754e-07
23,10.0,85000,2.7149249482176275e-05
3,10.0,112500,2.065222372859762e-05
23,10.0,80000,2.2116865459545004e-06
3,1.0,112500,1.4285706436895385e-06
16,10.0,110000,2.2140235393846062e-05
9,0.1,102500,1.792118933767939e-07
7,10.0,82500,2.1428525060313437e-05
21,10.0,102500,2.0822697016265314e-05
14,10.0,97500,1.7421615846259867e-05
24,1.0,120000,1.6165481368047415e-06
16,1.0,97500,2.0618529504578653e-06
19,0.1,90000,6.510424720967645e-08
17,0.1,80000,1.977404144053385e-06
8,1.0,130000,1.681760527074176e-06
12,1.0,125000,1.0174401804392118e-06
26,0.1,82500,3.8809793156738957e-07
4,0.1,112500,2.5316422313578456e-07
25,1.0,137500,1.0857868907803671e-06
14,1.0,110000,1.4619907776400029e-06
25,10.0,122500,1.9953632757218102e-05
7,1.0,127500,9.962867335699767e-07
14,10.0,120000,2.2058811795819543e-05
6,10.0,100000,2.733119828614112e-05
7,0.1,115000,2.392341873908787e-07
4,10.0,120000,1.5673296758164263e-05
9,10.0,127500,2.3893872637482846e-05
12,1.0,137500,1.880882273907593e-06
3,1.0,127500,1.7134720651740557e-06
29,1.0,85000,1.4170061315944791e-06
14,10.0,107500,2.222227697991473e-05
27,1.0,87500,1.4469461877059052e-06
3,0.1,135000,1.3262630622068537e-07
26,0.1,85000,2.0876834061610013e-07
9,0.1,127500,1.2738871372345888e-07
11,1.0,100000,1.234567603891758e-06
24,0.1,102500,7.74949999328165e-21
13,0.1,122500,2.044987745107837e-07
5,0.1,120000,2.3273840834996725e-07
18,0.1,102500,7.79192355532204e-21
20,10.0,107500,1.9626175896135847e-05
2,1.0,110000,1.5723307397690735e-06
13,1.0,130000,1.1025555914342276e-06
11,10.0,127500,1.881181604141913e-05
2,0.1,105000,1.6207420748220898e-07
25,1.0,135000,1.7595317443198634e-06
22,10.0,125000,2.2544240907094972e-05
21,0.1,140000,2.11864843028004e-07
19,10.0,100000,2.526321333733816e-05
6,10.0,105000,1.7728519764720054e-05
26,1.0,130000,1.4462789710541905e-06
30,0.1,120000,6.128590999054688e-22
26,0.1,105000,1.6666690753426754e-07
4,10.0,117500,2.8871381120925067e-05
10,0.1,120000,1.6556340703745718e-07
25,0.1,82500,2.624679003298082e-07
5,10.0,130000,1.707320466438128e-05
1,1.0,135000,1.8832057220805338e-06
16,1.0,102500,9.174321348603663e-07
1,1.0,80000,1.7456349704125648e-06
19,1.0,80000,1.2658865861004732e-06
19,0.1,137500,9.955185454070128e-08
16,0.1,115000,6.514648651371281e-08
26,10.0,130000,2.444441007749865e-05
17,1.0,140000,1.599018750741795e-06
14,1.0,130000,1.8105859529349674e-06
7,0.1,122500,1.9342408312140426e-07
20,1.0,140000,1.9283737834078382e-06
17,10.0,132500,2.0992413385877096e-05
15,0.1,110000,4.586194950315765e-19
2,10.0,105000,1.9697003621751897e-05
4,1.0,127500,1.8549533276153182e-06
27,1.0,110000,1.2480518110530888e-06
11,10.0,102500,2.142856152571168e-05
9,10.0,120000,2.5423706037150298e-05
8,10.0,102500,2.0000000371211777e-05
30,10.0,130000,2.044612345452368e-05
20,1.0,135000,1.4511854612721653e-06
29,1.0,117500,1.7094050334880877e-06
13,0.1,100000,1.928639133172168e-07
9,10.0,122500,1.8895359549035552e-05
26,0.1,117500,1.9920318710867462e-07
30,10.0,97500,2.0481959298150176e-05
25,10.0,137500,2.1264338975582157e-05
13,0.1,80000,2.068959948682335e-06
5,10.0,97500,1.693123431378534e-05
21,0.1,87500,9.920634479232985e-08
4,1.0,95000,1.1342130524255343e-06
23,1.0,105000,1.8062415837492114e-06
14,10.0,90000,1.7543859382376305e-05
28,1.0,82500,1.1627958020605293e-06
30,1.0,92500,1.8797068925308211e-06
5,10.0,95000,1.9047686433483777e-05
21,1.0,125000,1.0309288117611342e-06
12,10.0,112500,2.00000291402121e-05
14,0.1,80000,1.5060231375459062e-06
29,10.0,137500,2.2177360795992818e-05
18,10.0,82500,1.6071471266515763e-05
13,10.0,80000,1.1022845569136588e-06
8,1.0,125000,1.3157872048339538e-06
13,0.1,115000,1.0881398687723743e-07
20,10.0,87500,2.2039489593429563e-05
7,0.1,107500,7.657957260634924e-22
10,1.0,97500,1.0616482555421917e-06
1,0.1,80000,1.6336041046181513e-06
9,0.1,130000,7.765705457828998e-21
25,0.1,112500,7.930212515071438e-08
28,1.0,102500,1.4084546977691343e-06
10,10.0,82500,2.158273223105732e-05
30,1.0,127500,2.272732784902283e-06
3,0.1,110000,1.2376237717873797e-07
23,0.1,82500,4.081628204297298e-07
30,1.0,87500,1.639343586951658e-06
1,0.1,95000,1.7636655199541196e-07
3,10.0,97500,2.309713312924141e-05
10,1.0,132500,1.552108085792671e-06
20,1.0,127500,1.9762844797267227e-06
2,10.0,95000,2.3404300854274207e-05
27,10.0,90000,2.023811963061143e-05
22,10.0,85000,1.6759740655428193e-05
29,1.0,120000,1.754382691221357e-06
13,0.1,112500,1.6835026361312014e-07
21,0.1,107500,2.688171609924404e-07
17,1.0,127500,1.3559285540066971e-06
8,1.0,107500,1.597441389359998e-06
15,0.1,85000,1.461986892322107e-07
4,0.1,90000,1.0869567326729326e-07
18,0.1,122500,9.950249902751292e-08
16,1.0,85000,1.4492738728780715e-06
12,0.1,100000,1.184831884665724e-07
15,1.0,120000,1.1811005704877643e-06
22,1.0,80000,2.036200579763136e-06
22,1.0,140000,1.9230754765663765e-06
10,0.1,125000,5.2520960812141647e-08
7,0.1,130000,2.002004079190416e-07
26,10.0,110000,1.7500020705549866e-05
27,0.1,117500,3.920243447683032e-21
28,10.0,120000,1.857585784530599e-05
21,10.0,137500,1.6666694763057557e-05
28,1.0,85000,9.695275569604905e-07
14,1.0,92500,1.276592810350304e-06
16,10.0,90000,2.1531149388714955e-05
29,0.1,105000,7.73763598941242e-21
30,0.1,125000,1.652887615701478e-07
21,1.0,127500,1.7341033474887164e-06
15,0.1,107500,5.555537523094334e-08
28,1.0,120000,1.6835050998673681e-06
6,10.0,122500,1.505383211544165e-05
28,0.1,117500,8.968628904349692e-08
11,10.0,137500,2.2194481520422918e-05
13,10.0,117500,1.8181790347625776e-05
16,0.1,135000,1.328021195704804e-07
26,0.1,140000,2.4449882345447533e-07
8,0.1,122500,1.4812702929440362e-20
22,10.0,137500,2.499998069344955e-05
30,0.1,85000,1.0857764219354703e-07
8,10.0,140000,2.249998189879239e-05
25,1.0,82500,1.8538730369042369e-06
29,10.0,115000,1.7422448014973397e-05
4,0.1,140000,1.8839176647646967e-07
24,1.0,110000,1.5384609973734257e-06
1,0.1,102500,1.0405837130609494e-07
8,0.1,107500,1.1876534918959059e-07
7,10.0,122500,2.413790903706377e-05
27,10.0,135000,1.8003265168482204e-05
12,0.1,125000,1.7921086677073637e-07
12,0.1,130000,1.4224780521621712e-07
19,1.0,95000,1.9379794337749675e-06
20,10.0,97500,2.7272707115848706e-05
30,1.0,82500,1.7857213632013317e-06
2,10.0,130000,1.874993720693513e-05
6,10.0,120000,2.596142090587357e-05
6,10.0,92500,1.4401249109336876e-05
7,1.0,87500,1.776648269069296e-06
16,1.0,120000,1.4759110611465567e-06
10,10.0,140000,1.6524204872272382e-05
16,10.0,107500,2.250001149713124e-05
12,10.0,125000,2.5335271311512885e-05
3,10.0,95000,1.9819783642591777e-05
29,10.0,140000,2.4390273346766017e-05
12,10.0,117500,2.5000046332699414e-05
18,0.1,87500,1.4168468911889918e-20
21,0.1,82500,2.096436783651178e-07
29,1.0,92500,1.39738147653567e-06
21,1.0,115000,1.315790220748855e-06
20,1.0,100000,1.966873722580894e-06
15,0.1,122500,2.747258438001061e-07
19,0.1,112500,1.07181142719244e-07
22,10.0,110000,1.960783878265258e-05
18,10.0,112500,1.9298214492671468e-05
13,1.0,80000,1.666667662080656e-06
3,1.0,130000,2.000002383305412e-06
29,0.1,135000,2.1141598456367667e-07
29,1.0,110000,1.9999983247919425e-06
24,1.0,137500,1.622011917583666e-06
5,1.0,102500,1.234568129887347e-06
19,0.1,97500,1.0449325457711715e-07
7,0.1,80000,1.4557708095441047e-06
9,10.0,125000,2.1428574544634994e-05
5,0.1,95000,1.5479869161925486e-07
10,0.1,105000,1.233047577490053e-07
13,1.0,135000,1.3353122758385953e-06
24,10.0,125000,2.1865889295234086e-05
10,0.1,82500,2.435065102144554e-07
14,1.0,80000,1.8292743542317865e-06
17,0.1,117500,9.098513099486157e-21
8,1.0,82500,1.8045105854950042e-06
7,10.0,102500,2.5112101826706216e-05
2,1.0,122500,1.5151521252656403e-06
7,10.0,127500,2.0689556488457476e-05
16,10.0,127500,1.999999437641655e-05
29,0.1,80000,2.215193839867287e-06
18,0.1,112500,1.5060234476600386e-07
22,10.0,112500,2.2580678831701822e-05
23,1.0,102500,1.366125506688415e-06
26,1.0,120000,1.7985665703539718e-06
11,0.1,110000,2.1253896788290281e-07
7,10.0,95000,2.236025808445136e-05
7,0.1,137500,1.721169078592729e-07
22,0.1,112500,1.4105221576184179e-07
29,0.1,140000,2.577321050508159e-07
19,10.0,87500,2.2988509162439967e-05
30,1.0,107500,1.4184321785860717e-06
10,1.0,100000,1.6326496208618078e-06
1,1.0,90000,1.140252015577709e-06
21,0.1,105000,1.5527933058207837e-07
21,1.0,137500,2.1442510363204455e-06
22,1.0,132500,1.5936262650985427e-06
23,10.0,95000,2.1818178054306617e-05
25,10.0,90000,2.2197338320208807e-05
15,0.1,90000,1.7422908051655065e-07
27,0.1,90000,1.7513133108451294e-07
14,1.0,100000,1.1538494402855215e-06
4,10.0,122500,2.19999829635646e-05
11,0.1,117500,1.0683733376745497e-07
29,10.0,120000,2.644371014432444e-05
15,10.0,122500,1.7405041525999175e-05
23,0.1,130000,8.28501141284806e-08
11,1.0,117500,1.3422808279888795e-06
5,10.0,85000,1.8382300279156352e-05
29,0.1,125000,6.640096625333013e-08
8,1.0,102500,1.3311155169027387e-06
9,0.1,132500,1.709399109825217e-07
4,0.1,100000,1.0090819236671021e-07
9,1.0,120000,1.5624996207634373e-06
16,0.1,95000,1.828143984607898e-07
27,1.0,85000,1.0785818357516882e-06
2,0.1,122500,1.2500024603870637e-07
26,10.0,137500,2.1598266785500906e-05
16,0.1,117500,1.483680606891668e-07
22,10.0,117500,2.2606353000277172e-05
5,1.0,130000,1.0416650095402276e-06
10,10.0,132500,2.1264368069843947e-05
1,0.1,100000,2.580645507276193e-07
22,0.1,97500,9.325366865708152e-21
3,1.0,107500,1.6304329940894138e-06
9,0.1,82500,4.886005451802585e-07
15,0.1,125000,1.5361018287343174e-07
20,1.0,122500,9.745125983137515e-07
12,0.1,120000,2.1598320756612558e-07
17,0.1,135000,9.928525447864832e-19
2,10.0,127500,2.370694236176392e-05
17,10.0,107500,2.000002227391117e-05
29,1.0,100000,1.3333359842003056e-06
26,0.1,137500,1.071810663847648e-07
18,10.0,92500,1.9444380176343713e-05
10,10.0,105000,1.9607936058364145e-05
15,1.0,90000,2.1822665365231004e-06
8,1.0,87500,1.2048213729472966e-06
27,10.0,110000,2.00000112778264e-05
15,1.0,102500,2.4074161434311e-06
25,1.0,105000,1.6304331224171105e-06
19,0.1,115000,3.294892804172498e-07
11,1.0,107500,1.7768651794813058e-06
25,0.1,95000,8.25764468129994e-08
24,10.0,135000,1.703576369798884e-05
23,10.0,140000,1.986751307107492e-05
11,0.1,132500,2.2804928988961255e-07
20,10.0,80000,1.5600614238149872e-06
25,10.0,140000,2.201831013317931e-05
28,0.1,115000,1.5748062092851313e-07
1,1.0,97500,1.4925362001258442e-06
30,0.1,90000,1.4827607066821726e-07
24,0.1,130000,1.885014151411488e-07
14,10.0,95000,1.666660355158749e-05
8,1.0,135000,1.4285707643243139e-06
15,1.0,135000,1.8134388189735656e-06
22,10.0,140000,2.06278088797507e-05
20,0.1,122500,1.2562823277560638e-07
6,1.0,95000,2.1582653294606606e-06
23,1.0,92500,1.8181839464144253e-06
22,0.1,80000,1.344084833198657e-06
8,10.0,132500,2.318544045046483e-05
20,0.1,80000,1.7758073559093967e-06
11,0.1,82500,5.934719833390166e-08
25,0.1,105000,1.1173191845478037e-07
22,1.0,102500,1.8846190426653765e-06
13,10.0,120000,1.576575804094631e-05
4,0.1,115000,8.084053288987582e-08
1,0.1,130000,1.2376252157074965e-07
9,1.0,87500,1.6161631687106216e-06
17,10.0,115000,2.3711320173683122e-05
29,0.1,85000,1.934228447054332e-07
1,1.0,127500,1.8518498142715612e-06
25,10.0,80000,1.260022321930141e-06
23,0.1,97500,1.243780566614331e-07
27,0.1,130000,1.4279533659627501e-07
28,10.0,100000,2.25941973795983e-05
14,0.1,95000,2.030450901967302e-07
21,1.0,112500,1.7027858174688712e-06
11,1.0,125000,1.4534875575595654e-06
29,0.1,130000,2.1231377983839527e-07
26,0.1,122500,1.1494258850620125e-07
26,10.0,115000,2.0000008214332787e-05
9,10.0,140000,2.047616587345705e-05
8,0.1,135000,1.069519524227917e-07
13,10.0,110000,1.3654628182233946e-05
30,0.1,97500,6.586673878973257e-22
19,10.0,140000,2.1538472502195982e-05
11,1.0,90000,1.4492716757027372e-06
1,0.1,107500,1.0134486910627816e-20
19,1.0,85000,1.5182173910523064e-06
27,0.1,112500,1.0504159524398805e-07
22,0.1,102500,1.510567220929654e-07
11,0.1,115000,1.5698572501126994e-07
26,0.1,97500,1.4992504716358342e-07
21,10.0,100000,2.030655811501199e-05
2,1.0,87500,1.9292654570338905e-06
28,1.0,122500,2.3460379891611714e-06
3,1.0,97500,1.843969732584388e-06
3,1.0,100000,1.333332389054364e-06
20,0.1,100000,1.7006805604671533e-07
23,10.0,87500,2.222224161114572e-05
15,0.1,135000,1.2970224562279325e-07
2,10.0,90000,1.9282552252009296e-05
27,0.1,80000,1.7492667774267816e-06
6,1.0,102500,2.0833267923314006e-06
15,1.0,87500,1.8571409967129403e-06
18,10.0,85000,1.4099884226645837e-05
22,1.0,120000,1.5065939638533812e-06
18,0.1,100000,1.8867930648342612e-07
11,1.0,102500,1.9230819213011776e-06
2,10.0,120000,1.954023006415394e-05
5,1.0,92500,1.1904740856897878e-06
29,0.1,115000,1.5128601896896864e-07
4,0.1,127500,2.29358069062595e-07
27,0.1,92500,2.1459212535330287e-07
8,0.1,115000,7.753083687572985e-21
28,1.0,115000,1.4841272821760636e-06
7,10.0,117500,2.5000051218558625e-05
12,0.1,135000,1.658376354962171e-07
18,0.1,120000,1.4224786536548744e-07
26,0.1,120000,2.277900826917528e-07
23,0.1,107500,1.972386555365424e-07
22,0.1,115000,2.463049834972768e-07
3,0.1,117500,1.439885333995159e-07
7,10.0,80000,1.4876018260276317e-06
1,0.1,90000,7.31524936446974e-08
8,1.0,85000,2.1276567465400817e-06
1,10.0,130000,1.6666617092905566e-05
16,1.0,112500,1.4952071867052957e-06
27,1.0,115000,1.4245042594965512e-06
28,0.1,140000,1.3774090962845358e-07
30,1.0,97500,1.7094006032919594e-06
29,0.1,117500,2.0242955000544807e-07
23,10.0,92500,1.7021278197511497e-05
19,0.1,122500,2.0725392770977002e-07
17,0.1,97500,4.5367597043195094e-21
17,10.0,85000,2.008732331239547e-05
30,1.0,85000,1.5435475441374252e-06
4,1.0,87500,1.3333344133685252e-06
6,10.0,140000,2.0782396653560737e-05
29,1.0,132500,1.5748090206691292e-06
10,1.0,85000,2.1551715226291925e-06
16,1.0,117500,1.843926494086763e-06
6,0.1,100000,1.2019244206264458e-07
20,0.1,107500,9.794343290801425e-08
10,0.1,95000,1.4738323884703907e-07
28,0.1,87500,8.130103423595136e-08
13,1.0,85000,1.048217259911568e-06
21,10.0,95000,1.9999996257712943e-05
20,10.0,117500,1.851854974523813e-05
3,1.0,80000,2.7308216748581365e-06
3,10.0,125000,2.4309341456115e-05
10,0.1,115000,8.559991867457566e-21
9,1.0,110000,1.8264850887543295e-06
19,1.0,127500,1.6014241119238367e-06
17,0.1,112500,2.1459221609828598e-07
13,10.0,122500,1.76470673401558e-05
13,0.1,125000,1.253132928397708e-07
28,1.0,117500,1.670713517208266e-06
1,0.1,122500,1.2033640798760544e-07
3,1.0,117500,1.1591109331859415e-06
9,0.1,105000,1.203372438463514e-07
3,10.0,137500,2.2222140396937584e-05
23,0.1,90000,2.190579458801998e-07
11,1.0,140000,2.197808515039697e-06
8,10.0,137500,1.877936362611523e-05
28,10.0,127500,2.083331495765735e-05
2,10.0,92500,2.2292995605249786e-05
1,1.0,130000,2.0224782814743905e-06
4,0.1,92500,1.4792871248529462e-07
15,0.1,117500,7.251604583110378e-08
7,1.0,95000,1.7241405780211967e-06
25,0.1,102500,2.785515644722408e-07
3,10.0,87500,2.3938212867058324e-05
22,10.0,95000,2.0689707367218444e-05
27,1.0,135000,1.4598520864532908e-06
14,0.1,100000,1.1792452449484532e-07
20,0.1,105000,8.396306237775835e-08
30,1.0,125000,1.8918851606885751e-06
4,10.0,82500,1.818180590180958e-05
27,0.1,97500,8.29518474410875e-21
7,0.1,102500,1.7436800261910093e-07
29,0.1,82500,1.9762862607792597e-07
26,10.0,117500,2.5547448781800558e-05
24,10.0,120000,1.6752115569735658e-05
10,1.0,112500,1.1256896122771944e-06
19,10.0,85000,2.117649539892833e-05
24,0.1,107500,3.584223551033925e-07
6,0.1,90000,1.3252415621646001e-20
10,1.0,107500,1.326261838526812e-06
14,0.1,127500,1.0712397638377848e-07
7,1.0,97500,1.2658229347138118e-06
2,0.1,95000,1.7064877049932817e-07
23,10.0,127500,1.943130929148977e-05
20,10.0,127500,2.2641516370579036e-05
17,10.0,100000,2.407406979758628e-05
18,10.0,140000,2.490430199505005e-05
10,1.0,82500,1.412429573723385e-06
26,0.1,135000,1.113381235462729e-20
19,0.1,130000,1.5060248332494277e-07
20,10.0,130000,1.9409047840350632e-05
14,0.1,117500,1.2422341932769444e-07
25,1.0,107500,1.5479904251176738e-06
24,1.0,90000,1.2820503779799331e-06
23,10.0,115000,2.64357335933062e-05
16,1.0,92500,1.737449320224515e-06
8,0.1,87500,2.475244230180192e-07
22,1.0,85000,1.7908675182486965e-06
28,0.1,135000,1.615510827762081e-07
30,10.0,137500,1.7191974577637188e-05
17,0.1,82500,2.688176298060372e-07
15,1.0,125000,2.153108020889517e-06
17,10.0,127500,1.4285679913112168e-05
7,1.0,132500,1.9642868024582395e-06
8,10.0,85000,2.7272725603706625e-05
1,0.1,105000,1.0592074483859256e-20
23,0.1,125000,1.5352973084350677e-07
29,1.0,112500,2.7026955565751794e-06
19,0.1,82500,5.580359719007496e-08
18,10.0,90000,1.9826526932917286e-05
25,10.0,125000,1.870320697023012e-05
24,1.0,140000,2.2530310479671222e-06
14,1.0,82500,2.222218869916355e-06
11,0.1,130000,1.0893238006569745e-07
22,10.0,102500,2.222224490026742e-05
14,0.1,107500,1.9342369167642613e-07
5,10.0,102500,2.1526459636421128e-05
3,0.1,85000,1.7985650885320444e-07
15,0.1,82500,9.099180369511924e-08
10,0.1,100000,1.1299438007525437e-07
1,1.0,82500,1.3262582731228522e-06
4,10.0,125000,1.942259143664745e-05
21,10.0,80000,1.4035088751868685e-06
26,0.1,132500,8.984708552504392e-08
15,0.1,100000,2.0576123496762867e-07
7,10.0,120000,2.3444938138746396e-05
7,1.0,107500,1.7793622958003654e-06
17,1.0,130000,1.710527801348507e-06
30,0.1,132500,2.2396413184887975e-07
13,1.0,117500,1.999999687377329e-06
16,1.0,87500,1.4492770653719914e-06
1,10.0,87500,2.222221537332839e-05
25,1.0,110000,1.4084538296363111e-06
28,10.0,105000,2.0975604704190087e-05
21,0.1,122500,2.9761850606049437e-07
7,10.0,97500,3.02490978115881e-05
2,1.0,85000,1.3913050019042083e-06
25,0.1,100000,2.5906672684340964e-07
12,0.1,92500,1.3245039548520652e-07
12,10.0,100000,1.6105395705929604e-05
15,0.1,87500,1.2771418647006518e-07
23,1.0,97500,1.5037602407363688e-06
7,1.0,102500,9.82206418588477e-07
6,1.0,120000,1.9019993562864527e-06
21,10.0,130000,1.906410990091544e-05
17,10.0,122500,1.357138589366711e-05
27,0.1,122500,1.0596172916690545e-20
7,10.0,137500,1.6727215768638028e-05
28,0.1,125000,1.0000054537869045e-23
16,1.0,80000,1.4931836713318013e-06
18,1.0,80000,1.6008571769090176e-06
1,1.0,110000,1.1861330662098467e-06
2,0.1,135000,1.8248138676254586e-07
10,1.0,120000,1.0869565245968122e-06
5,10.0,137500,2.218645006725013e-05
12,0.1,127500,1.6583740718068766e-07
18,10.0,87500,1.8032820158319395e-05
5,1.0,132500,1.619429896352286e-06
2,10.0,115000,2.255638062336973e-05
13,1.0,82500,1.392758412290117e-06
1,10.0,127500,1.7687100784864536e-05
27,1.0,132500,1.728725164271214e-06
21,0.1,112500,1.0482223414593808e-07
2,10.0,137500,2.253529664188121e-05
7,10.0,105000,2.534555075549133e-05
6,1.0,82500,1.8237047959339143e-06
3,0.1,105000,7.782097810546616e-08
20,10.0,140000,2.027027631856424e-05
13,10.0,135000,1.627909591717312e-05
19,0.1,125000,1.7152670681928337e-07
20,0.1,120000,9.578532548150024e-08
28,0.1,112500,4.452636615776098e-21
12,1.0,100000,1.534528720115343e-06
10,10.0,110000,1.988302706603007e-05
9,1.0,85000,1.624818975045326e-06
20,1.0,90000,1.2471636548070066e-06
19,1.0,140000,1.4981252135306998e-06
29,10.0,82500,1.6822402862273783e-05
14,10.0,137500,2.4829906191342965e-05
11,1.0,87500,1.9522799835556835e-06
23,1.0,82500,1.46252033763302e-06
13,0.1,97500,2.1739155928239836e-07
16,0.1,107500,8.058008521914168e-08
7,1.0,90000,1.5256615759396862e-06
13,10.0,132500,2.4667801774750212e-05
26,10.0,87500,1.9354906665779087e-05
8,10.0,125000,2.325577651250016e-05
5,10.0,82500,2.1551740322132764e-05
17,1.0,132500,1.4765082861838908e-06
26,1.0,90000,2.419351416779057e-06
8,0.1,137500,1.451374539643475e-07
26,1.0,100000,1.5685486430339913e-06
5,0.1,105000,1.0330571493694786e-07
11,1.0,110000,1.3802550483473203e-06
28,10.0,90000,2.439018274215125e-05
11,1.0,97500,1.8304367708729912e-06
16,0.1,92500,1.893934980572049e-07
9,1.0,80000,2.0325176505952625e-06
23,1.0,132500,1.6000019167944761e-06
22,1.0,105000,1.0928955919665111e-06
9,0.1,112500,1.4429953606921826e-07
14,1.0,117500,1.9047619787469608e-06
15,10.0,107500,1.654850191542164e-05
12,1.0,132500,1.6146440550595494e-06
1,10.0,135000,1.794872443219716e-05
14,10.0,115000,1.9148938462881947e-05
23,1.0,87500,1.5624954832806043e-06
5,0.1,122500,1.8181805401911142e-07
7,1.0,125000,2.1359208357894e-06
18,10.0,107500,2.411873320310253e-05
4,1.0,132500,1.6216227965890343e-06
4,0.1,117500,1.4715340168863672e-20
21,10.0,122500,2.0667684869599347e-05
25,1.0,102500,1.7167383402573872e-06
10,10.0,127500,2.3404233843677866e-05
18,10.0,125000,2.3595492262589063e-05
29,10.0,100000,1.435405778251374e-05
19,1.0,97500,1.2944999254401504e-06
7,10.0,112500,1.995920993517457e-05
10,0.1,87500,1.6393441510413477e-07
21,10.0,105000,2.171945734443348e-05
13,10.0,87500,2.0567376290714342e-05
22,0.1,90000,1.0445484321268441e-20
21,0.1,130000,1.912041980203805e-07
3,10.0,92500,1.6320463985356913e-05
26,0.1,112500,1.7783046862352523e-07
27,10.0,117500,1.7973849691675217e-05
4,0.1,137500,2.012068886715632e-07
3,10.0,130000,2.000004490496796e-05
19,10.0,102500,2.2580659628389237e-05
27,1.0,117500,1.5094337175688014e-06
24,1.0,82500,1.3333396911731226e-06
2,1.0,97500,1.6203719851964984e-06
25,0.1,132500,8.4230584303405e-21
18,10.0,137500,1.8840569356195287e-05
3,10.0,120000,2.4120793361817945e-05
13,10.0,85000,2.187500176320015e-05
20,10.0,137500,2.4752448635012915e-05
10,0.1,97500,1.3966421572834657e-07
23,10.0,135000,1.8452424434682366e-05
10,10.0,117500,1.9708003652421093e-05
29,0.1,100000,2.2075093897359108e-07
9,1.0,130000,1.569505596530966e-06
21,0.1,137500,1.400486962130159e-07
2,10.0,117500,2.1739046962797285e-05
13,1.0,97500,1.6620456270406277e-06
25,10.0,110000,2.0332721324941707e-05
26,10.0,107500,2.0754644645055708e-05
3,0.1,90000,1.0604470532876793e-07
28,1.0,80000,1.7667819647939055e-06
3,0.1,132500,8.414492568616532e-21
23,1.0,110000,1.7582428991171066e-06
24,10.0,85000,1.967208748175693e-05
17,0.1,115000,6.706924812816334e-08
3,1.0,102500,1.5063710042401287e-06
17,0.1,137500,8.038592227247799e-08
17,10.0,102500,2.093024785181738e-05
24,10.0,87500,1.770837955505761e-05
30,10.0,82500,1.8791261373119698e-05
2,10.0,87500,2.1929761060331803e-05
4,1.0,92500,1.6393432838797571e-06
11,1.0,82500,1.9268403627437974e-06
23,0.1,110000,1.8315020588223473e-07
13,10.0,90000,1.4285696353115356e-05
24,10.0,132500,2.131147224855935e-05
20,1.0,87500,9.296450052060009e-07
22,10.0,105000,2.100590674384504e-05
22,1.0,110000,9.049785066630487e-07
9,1.0,140000,1.3888855256082174e-06
5,0.1,102500,2.873563095921892e-07
18,10.0,80000,1.7857150164539266e-06
15,10.0,80000,1.8404863662846752e-06
25,1.0,117500,1.8750077453210243e-06
19,0.1,107500,1.024593596611698e-07
30,1.0,90000,1.6497476540156158e-06
9,0.1,117500,9.891186823865957e-08
18,0.1,110000,2.1074836833389243e-07
27,1.0,127500,1.212118997078441e-06
4,1.0,135000,1.8411581216752854e-06
19,1.0,90000,1.2750456057661748e-06
9,10.0,135000,1.958043675229008e-05
6,0.1,137500,1.727118198251917e-07
11,0.1,90000,1.2547050669409822e-07
18,10.0,127500,1.63265572419628e-05
8,10.0,122500,2.482766323729033e-05
14,10.0,105000,1.9999969553276985e-05
23,0.1,135000,3.1645512787461337e-07
11,0.1,80000,1.736974987997421e-06
9,10.0,137500,1.785718340232224e-05
4,1.0,117500,1.0279034903712235e-06
4,1.0,125000,1.5544019568474872e-06
5,0.1,92500,1.5384677682447804e-07
18,0.1,90000,1.9569471980198887e-07
29,10.0,110000,1.5789503154284798e-05
20,0.1,92500,1.6400238666955702e-18
2,10.0,107500,1.999999573401272e-05
10,0.1,127500,6.73400317143581e-08
2,0.1,127500,2.00400588760344e-07
17,0.1,87500,6.402061336268466e-08
10,0.1,140000,9.15751104861313e-08
14,0.1,82500,1.494763998140987e-07
4,1.0,120000,2.020202561004858e-06
16,10.0,120000,1.9459443677961495e-05
2,1.0,115000,1.4240464371606568e-06
8,0.1,120000,1.4792879487957576e-07
6,0.1,95000,1.4947653834371284e-07
25,1.0,80000,1.511332908898415e-06
30,1.0,100000,1.993357350943302e-06
6,0.1,112500,1.1627949815631793e-07
15,0.1,140000,1.552795138761942e-07
26,1.0,92500,1.6460853943238e-06
21,0.1,132500,1.436781383868315e-07
15,10.0,125000,2.3000039713201996e-05
18,1.0,85000,1.8152655415933363e-06
11,0.1,137500,2.691792515775203e-07
17,1.0,95000,1.7605657688978071e-06
21,10.0,135000,1.9230774343079163e-05
18,1.0,90000,1.6782993901012996e-06
4,1.0,82500,1.2820535141658549e-06
1,10.0,90000,1.8709686698936416e-05
8,1.0,132500,1.6194315008172053e-06
24,1.0,112500,1.5267148810852691e-06
10,10.0,115000,2.5000045903111083e-05
13,0.1,107500,9.842516200198669e-08
29,1.0,130000,1.960773100484159e-06
15,0.1,120000,1.4336871942380413e-07
11,1.0,120000,1.6778496086303507e-06
21,1.0,107500,1.8231693074990893e-06
2,1.0,120000,1.3913053286908168e-06
14,10.0,127500,2.0748331593630018e-05
3,0.1,140000,1.5923589095126822e-07
20,0.1,95000,2.0080330537781883e-07
20,1.0,82500,1.4989215545956291e-06
1,0.1,85000,1.9607869599375943e-07
6,10.0,112500,1.666667858586637e-05
21,0.1,125000,9.861927752961275e-08
28,0.1,92500,3.5211287588018496e-07
17,1.0,85000,2.141671182961989e-06
24,1.0,132500,1.4851470730623672e-06
11,1.0,132500,1.0546541681808547e-06
23,1.0,112500,1.6877622351067917e-06
15,10.0,115000,2.3188404901171066e-05
2,0.1,117500,1.1441708563462461e-07
5,10.0,110000,1.431372558101852e-05
20,1.0,130000,1.4925358236312855e-06
3,1.0,137500,1.8348630000758736e-06
13,1.0,122500,1.4999999605648686e-06
12,1.0,135000,1.136364475959449e-06
11,10.0,100000,2.5119598676924866e-05
9,1.0,135000,1.4814792201771094e-06
30,0.1,92500,6.85871356505304e-08
17,0.1,102500,1.092897585334965e-07
1,1.0,117500,1.2605034134202493e-06
13,1.0,87500,1.190478233158763e-06
27,0.1,137500,8.774733322776271e-21
7,0.1,105000,8.944426767982046e-21
18,0.1,82500,1.98807426899216e-07
24,1.0,85000,1.4527890332402893e-06
3,1.0,105000,1.5706816240606091e-06
5,1.0,127500,1.2000034620662852e-06
3,1.0,120000,1.3793111053033344e-06
5,1.0,107500,1.3769387627344672e-06
19,10.0,80000,1.666666506381787e-06
19,10.0,132500,2.5615724285599366e-05
15,0.1,137500,5.700834867572841e-21
22,1.0,92500,1.4124269760734442e-06
26,1.0,85000,1.7098040892393275e-06
5,0.1,130000,1.485891674043751e-07
13,1.0,92500,1.3752449293437863e-06
23,1.0,140000,1.7647095002333063e-06
16,1.0,82500,1.509034793701722e-06
15,1.0,92500,1.8957336854371647e-06
5,1.0,120000,1.610019888084343e-06
26,1.0,87500,1.9159689262131136e-06
30,1.0,115000,1.3966479580860094e-06
7,10.0,90000,2.1660655014347516e-05
6,10.0,95000,2.0000087346943065e-05
10,0.1,130000,1.1918974297975066e-07
7,0.1,95000,8.172227055154114e-21
7,0.1,125000,6.954127243363978e-08
7,1.0,137500,1.2552942108658695e-06
24,10.0,110000,1.7142863414437748e-05
11,10.0,97500,2.1505368825701722e-05
18,0.1,97500,1.9181590228014772e-07
8,1.0,120000,1.7187480729419365e-06
13,0.1,120000,7.369202982164212e-08
9,1.0,105000,1.818186367116347e-06
19,0.1,100000,7.593015667471798e-08
4,10.0,140000,2.1148090528474445e-05
15,10.0,137500,2.069710822240861e-05
13,10.0,82500,1.8532818538394483e-05
15,1.0,140000,1.8518549020418448e-06
1,1.0,107500,1.3513448649195997e-06
22,0.1,110000,4.192879773652286e-08
7,0.1,90000,1.5455954156049502e-07
14,0.1,132500,1.9065777577003166e-07
3,0.1,82500,1.8726635776157712e-07
13,0.1,130000,2.631583842690481e-07
4,1.0,140000,1.550389658044267e-06
11,0.1,135000,3.4246640728535906e-07
7,1.0,120000,1.612900658979833e-06
21,1.0,120000,1.6081851947971389e-06
20,0.1,125000,1.3698608290591964e-07
19,1.0,120000,1.587300808707899e-06
8,10.0,117500,2.3809583604692637e-05
14,10.0,140000,2.085899041351519e-05
24,10.0,122500,1.4052312276513144e-05
13,1.0,120000,1.944445991838912e-06
14,1.0,115000,2.1231454715785967e-06
24,0.1,140000,1.8083226489504176e-07
30,10.0,115000,1.9512205446779e-05
30,0.1,105000,1.1961709364096624e-07
21,10.0,125000,1.5999950044869903e-05
10,10.0,90000,1.9008254728719548e-05
29,1.0,95000,2.074691347487665e-06
17,0.1,122500,7.895301751448854e-21
13,0.1,82500,3.184709909945873e-07
20,0.1,135000,1.0439366166204755e-20
6,0.1,92500,1.071811399379972e-07
8,1.0,137500,1.2290142127576236e-06
20,10.0,122500,1.9761894577105947e-05
18,10.0,105000,1.985808148330978e-05
15,10.0,95000,2.423210399767805e-05
25,10.0,100000,1.5999983096001172e-05
12,1.0,122500,1.8382305027074715e-06
25,0.1,127500,1.21211715668693e-07
20,0.1,137500,1.3157894849338175e-07
20,0.1,140000,1.034126191465177e-07
22,1.0,127500,1.5730302174143146e-06
18,0.1,92500,2.394901979074397e-07
11,0.1,140000,1.8314968277783979e-07
25,10.0,95000,2.4880382596613088e-05
11,10.0,92500,1.8888922001119095e-05
18,1.0,105000,2.200488164121453e-06
25,10.0,82500,1.999998927185312e-05
12,0.1,110000,7.745922945692295e-08
8,0.1,112500,6.124434863916693e-22
18,10.0,97500,1.8461520023795443e-05
13,10.0,127500,2.000004358045764e-05
12,10.0,95000,2.158809828089514e-05
19,1.0,137500,1.282047952798429e-06
4,0.1,132500,1.00502567615982e-07
28,0.1,100000,1.8248135501494613e-07
13,1.0,95000,1.3543950920504295e-06
15,1.0,85000,1.4516133509715188e-06
14,10.0,112500,1.835743964298126e-05
22,0.1,82500,2.961502755424009e-07
13,10.0,107500,2.5931944388818123e-05
4,1.0,112500,2.236420244963917e-06
28,10.0,95000,2.1428563799019602e-05
13,0.1,87500,1.326257003549486e-07
12,10.0,85000,1.958763542365793e-05
15,10.0,92500,2.083331669976476e-05
15,10.0,82500,2.270149130841685e-05
9,10.0,117500,2.4242442494655588e-05
17,1.0,117500,1.454548113289084e-06
17,1.0,120000,1.5847850821201914e-06
29,1.0,127500,1.2986997665919049e-06
14,0.1,140000,2.4038442767336325e-07
8,0.1,95000,2.415456300298984e-07
15,10.0,105000,2.2077980651152942e-05
2,0.1,132500,1.9379781528529077e-07
2,10.0,80000,1.3038479510365436e-06
3,0.1,112500,1.8315018344942538e-07
6,10.0,90000,1.874996793682415e-05
18,0.1,140000,1.0384222298534188e-07
10,10.0,137500,2.5000057554158563e-05
11,0.1,85000,1.9455253408665892e-07
9,1.0,90000,1.1718740378991413e-06
27,0.1,110000,1.8264780172401526e-07
30,1.0,112500,2.188183428925287e-06
7,10.0,100000,1.774187580067994e-05
23,1.0,95000,1.5810305455087182e-06
23,10.0,130000,2.2222271204829815e-05
10,10.0,100000,1.6778520362397985e-05
9,0.1,120000,2.049180537213156e-07
16,1.0,90000,1.5195047775033342e-06
9,10.0,107500,1.722221945555351e-05
18,1.0,102500,1.1061935797873423e-06
24,0.1,125000,1.2626229994311612e-07
12,1.0,117500,1.6528900662148324e-06
23,10.0,132500,2.160004406094548e-05
7,10.0,107500,2.0588296998386744e-05
3,0.1,95000,1.342281532854804e-07
1,0.1,125000,1.0649637828059977e-07
19,1.0,132500,1.2643705482453092e-06
9,10.0,87500,1.9696921952499966e-05
17,1.0,135000,1.8456348407251872e-06
18,10.0,95000,1.7543840278257353e-05
17,1.0,122500,1.2697912290557555e-06
4,10.0,87500,1.968747025144735e-05
30,1.0,140000,1.5060230565930351e-06
30,0.1,102500,1.9270028230458568e-07
12,10.0,80000,2.0146535873002645e-06
16,10.0,112500,1.8596479980687496e-05
1,10.0,80000,1.6920460458998693e-06
8,1.0,92500,1.4634149274196033e-06
11,10.0,90000,2.0327820293774354e-05
9,1.0,97500,1.4851820240418608e-06
4,0.1,85000,1.397720912893184e-07
1,10.0,97500,2.215747977010749e-05
22,1.0,97500,1.4736823417944608e-06
24,0.1,100000,8.0744367110134e-21
16,1.0,125000,1.6153795077668989e-06
16,10.0,135000,2.152647375686235e-05
29,10.0,132500,1.9277131192227172e-05
22,1.0,117500,1.8867882058049938e-06
15,0.1,105000,1.4430014593912773e-07
15,0.1,130000,5.353341365881658e-08
1,1.0,87500,1.7439501834633886e-06
22,1.0,100000,1.4234870379943308e-06
24,10.0,95000,2.5238106932545824e-05
17,1.0,87500,1.5473852529735317e-06
27,1.0,100000,2.05571351940877e-06
15,1.0,115000,1.4492697237738493e-06
29,10.0,130000,1.7275739146513262e-05
7,1.0,110000,1.351357153078004e-06
9,10.0,105000,2.006173020128424e-05
23,10.0,105000,2.3456790298541555e-05
1,0.1,110000,1.4084481592626894e-07
26,1.0,110000,1.6759700957502126e-06
26,1.0,112500,1.2987029034901822e-06
28,0.1,95000,2.0408149727652673e-07
28,0.1,132500,7.302791195843994e-19
14,1.0,90000,1.5633317009765188e-06
21,1.0,97500,1.606425259885893e-06
15,10.0,127500,2.2610707889267395e-05
27,1.0,120000,1.4124281251470694e-06
29,0.1,137500,1.5847879382566015e-07
21,0.1,135000,2.1231425527111646e-07
11,0.1,127500,2.0284028157015037e-07
5,1.0,97500,1.1764688345974832e-06
21,10.0,87500,1.612903411928718e-05
2,0.1,112500,1.1547364347662674e-07
27,10.0,137500,1.347030778610901e-05
24,1.0,115000,1.4354028733859254e-06
6,0.1,120000,2.066118615662619e-07
7,10.0,110000,2.0158114913174356e-05
13,10.0,130000,1.694915305645239e-05
27,1.0,105000,1.9206234037362908e-06
11,10.0,110000,2.093998727342426e-05
18,0.1,135000,1.538460103061324e-07
14,1.0,85000,1.260505124968564e-06
22,1.0,137500,1.5075332748518445e-06
22,1.0,122500,1.7482503498858887e-06
27,0.1,87500,1.7889518602132009e-07
8,10.0,90000,2.2837331660884684e-05
14,1.0,120000,1.4199070427381059e-06
28,1.0,127500,2.0731708091157714e-06
1,0.1,112500,1.1574095177533976e-07
19,10.0,115000,2.11038570307998e-05
16,10.0,87500,2.1081090837710092e-05
5,0.1,97500,2.1052631415314357e-07
17,10.0,140000,2.2038235194971126e-05
21,1.0,82500,1.2729860560611278e-06
19,10.0,110000,1.7511521740753996e-05
25,0.1,130000,1.790506054745246e-07
21,10.0,127500,1.956518392855697e-05
28,10.0,140000,2.1052556819220836e-05
3,10.0,90000,2.1359242276536815e-05
23,10.0,137500,2.2972938078647452e-05
29,0.1,120000,9.25926204993645e-08
9,1.0,107500,1.5250516719650627e-06
14,10.0,87500,2.1333351965973684e-05
9,0.1,90000,2.6702698470583444e-21
14,10.0,110000,2.1909297617849758e-05
8,0.1,85000,2.2321431237585432e-07
5,0.1,125000,1.3440868021640082e-07
4,0.1,135000,1.1248579846588701e-07
8,1.0,97500,1.6326536405047207e-06
9,10.0,132500,2.4369818148829236e-05
18,1.0,137500,8.546989980682253e-07
13,10.0,100000,1.8721459962917945e-05
1,10.0,85000,1.777777936943937e-05
28,10.0,130000,2.024542620691688e-05
9,0.1,97500,1.56739617519517e-07
11,10.0,82500,1.4503838437580525e-05
30,10.0,132500,2.0895571099976296e-05
30,0.1,135000,7.824748961049787e-08
6,1.0,92500,1.674449790295984e-06
2,1.0,82500,1.4999937952582473e-06
29,10.0,107500,2.0338929246811962e-05
25,0.1,107500,1.2062728670978702e-07
22,10.0,132500,2.466802375813723e-05
12,10.0,120000,2.3015873467508133e-05
23,0.1,132500,8.561646702733131e-08
24,1.0,117500,1.6688185644454652e-06
8,1.0,80000,1.5810272839000976e-06
29,10.0,127500,1.5508072895231366e-05
14,0.1,112500,1.2484426204974355e-07
10,0.1,135000,2.321981331553412e-07
17,10.0,130000,1.694912466657901e-05
2,1.0,137500,1.8587347131068986e-06
16,0.1,125000,2.898552618819293e-07
6,0.1,102500,9.97008799078676e-08
13,10.0,95000,1.935482400075857e-05
8,10.0,115000,2.204724187802847e-05
21,10.0,132500,2.540981713054436e-05
17,10.0,105000,1.874998517265496e-05
26,10.0,105000,1.9444462054439606e-05
9,0.1,92500,8.904716716026636e-08
